date,order_id,email,page_visited,duration,total_basket,has_confirmed
2021-01-01,1aacfa9c-770d-4d90-9763-6551c8d89f55,baslie4t@bravesites.com,,700.82,299.1,1
2021-01-01,5d0f80cf-2a32-4d1a-8bc8-e608822e95d4,mhextfz@nba.com,12.0,550.71,617.24,1
2021-01-01,8d2b7e99-dcd9-4883-bf42-061035735a24,pgeorgeonax@umich.edu,7.0,195.28,558.07,1
2021-01-01,2f518f9c-39e2-4d57-8e96-1409f3619e53,sstannas7d@mtv.com,13.0,353.41,48.65,1
2021-01-01,cd24bd4c-4d46-46c8-8259-c31ccfa3b3fa,wprestney1t@google.com.br,11.0,92.82,289.82,1
2021-01-01,3f9be911-5bb7-417a-838a-188fdc6606ed,parmisteadg0@jimdo.com,5.0,503.79,123.86,0
2021-01-01,3ba70472-5f6d-49c6-9e48-6466701b7ec1,bmerrigans19@bandcamp.com,1.0,712.71,80.16,1
2021-01-01,e7548f6d-21dc-4a1a-bd9e-beed50d28ee0,hloosmoregj@edublogs.org,6.0,210.9,199.52,0
2021-01-01,6f6fb895-8120-4493-94c0-06024add393e,mroyden8m@lycos.com,1.0,506.15,681.61,0
2021-01-01,03139b3c-16dc-4d42-907e-98f04cc2a4d5,kfarresn6@who.int,12.0,912.63,776.26,1
2021-01-01,c564c8d2-ba40-40fe-93a2-712789cd9338,mdelamaineop@irs.gov,3.0,936.01,639.96,1
2021-01-01,7e031814-0420-481d-86e1-fc2ebefb215e,arattriel3@pagesperso-orange.fr,11.0,374.11,113.07,1
2021-01-02,8495452b-ce30-4f35-9b5e-42cf60fa5183,gfraper3@constantcontact.com,10.0,817.44,761.33,1
2021-01-02,07abf118-5120-4774-a93e-a8c464f94489,tmaypother3g@ameblo.jp,,846.03,45.34,1
2021-01-02,fc07c636-6dc5-4171-80be-5f556aecea72,awillmentfy@de.vu,8.0,180.76,393.85,1
2021-01-02,f2a109da-9cce-4c06-afda-f8623a4c9b4a,arookefu@guardian.co.uk,1.0,994.61,731.07,1
2021-01-02,34f45f56-6412-4bbc-8bb7-25b362d04a0e,gschaffelkv@nyu.edu,8.0,471.96,420.25,1
2021-01-02,db403354-c994-446c-bee9-a4422457a043,lhedneyeo@blogspot.com,10.0,500.89,645.79,0
2021-01-02,e797b142-89e3-4933-b2c0-3a3c08891b31,lwandenpb@mediafire.com,8.0,441.91,639.11,1
2021-01-02,754ae96c-1a24-4573-8521-2927ce16c671,pmarriage5i@cnn.com,3.0,661.37,406.67,1
2021-01-02,19c016cc-e080-49b5-b4ac-6765114cceff,mfillis6l@taobao.com,,986.65,507.23,1
2021-01-02,e0b99384-89b1-4302-9623-bf6928030e16,kneevesam@deliciousdays.com,9.0,142.63,85.22,1
2021-01-02,5ea02564-fb63-42c7-b2e4-406a72cb3870,wlingleyp9@bandcamp.com,,854.69,276.51,1
2021-01-02,06b12724-8bae-40d8-bf71-ba5b5c19293f,belman6n@webs.com,13.0,956.3,220.94,1
2021-01-02,5732107a-fa93-4a53-93c8-774c61971241,ilott5g@privacy.gov.au,3.0,896.84,375.7,0
2021-01-02,885bc183-0e5a-454e-9380-b2e03112f3df,dabsonbu@instagram.com,,520.64,317.65,1
2021-01-02,78de1607-f6ed-42b6-82c1-fa1669876f1e,jevequotpx@ucsd.edu,10.0,962.74,603.84,1
2021-01-02,4ee04714-3b92-41a8-89ec-27618491d607,bdunaway5b@phpbb.com,12.0,628.25,770.63,1
2021-01-02,060d4a4a-89fe-4aa8-8a3f-c36fc6caa41f,mmewes64@ycombinator.com,1.0,89.71,105.44,1
2021-01-02,07688817-55b7-42b2-befe-497427218ac7,rsifleet55@deliciousdays.com,,103.2,711.87,1
2021-01-03,c5024ae7-bccf-42cf-9f40-6b0e9537050e,gpioli2p@tinypic.com,12.0,944.92,408.58,1
2021-01-03,8d385e7b-3595-4820-ae79-76f405e9d6ba,aellicockoh@nifty.com,10.0,641.67,605.38,1
2021-01-03,9b7a719f-df20-4a9d-82e3-ff0761c8b721,imcalindenbc@huffingtonpost.com,9.0,839.25,671.06,1
2021-01-03,9051a4d8-782b-4ba5-a765-adf48c443a2c,mredsellm9@java.com,9.0,75.08,749.51,0
2021-01-03,595dc5d4-c26c-49e2-a5f4-9205eb29e32a,koheagertieb5@icio.us,14.0,919.0,410.4,1
2021-01-03,c9793636-eef6-40f6-b0eb-7bb3a1b88a46,sbauldrey13@netscape.com,8.0,858.46,592.4,1
2021-01-03,c12890f7-392f-4e09-bce9-585018a4e777,rpolottih9@oakley.com,5.0,188.57,680.08,1
2021-01-03,b9eac3ec-6919-49c9-92c7-1569a2a1ccc0,mmckagueon@uol.com.br,4.0,339.7,270.59,1
2021-01-03,eab72430-d7cd-47de-b750-1580621ead27,wlacroutsom@sakura.ne.jp,5.0,311.68,79.1,1
2021-01-03,83f7f1ed-be80-4da1-a843-056fa3365c4a,bdibsdalen8@livejournal.com,2.0,610.42,726.0,1
2021-01-03,d5c2a5a7-7e60-4fc9-a9b0-db5c95167e4c,tnaylorjb@cdc.gov,10.0,820.77,522.45,1
2021-01-04,8d675a9b-ce36-4533-b932-2dee9b55f187,mbownas59@cnet.com,6.0,299.86,154.49,0
2021-01-04,c941760d-333d-4246-a70f-c650539d3759,kmarre4q@google.pl,16.0,41.43,564.19,1
2021-01-04,beb47b48-ea5c-40b9-9fb8-60db82e7c14b,bloxdalekj@omniture.com,10.0,876.9,499.39,1
2021-01-04,61d50cc6-82f8-4b3c-a5cd-2d7019009ec6,jmattissondm@cdbaby.com,4.0,58.26,623.54,1
2021-01-04,ae03cdbd-963b-45a2-825f-a638ad1b6f3e,acrafter6q@mysql.com,2.0,141.58,82.13,1
2021-01-04,d91e710d-4739-43c3-a38f-63625e3887ae,fkalkhovene9@facebook.com,4.0,72.45,273.44,1
2021-01-04,cc885d38-bff2-492e-8459-845e22742cc1,tvanderplas7h@t-online.de,10.0,201.51,104.53,1
2021-01-04,1bef5628-5f99-49d8-b25d-1595b03618a5,ohazelldi@jalbum.net,11.0,773.38,513.07,1
2021-01-04,9a817e26-8b66-4de0-aad6-6c08b9c3daef,lartoni8@timesonline.co.uk,10.0,298.69,498.64,1
2021-01-04,16c2955e-d227-48ea-8652-8ac46ec68675,cgrinstead98@arstechnica.com,4.0,115.55,539.71,1
2021-01-04,83280f43-0eb5-4a94-a807-3766366378db,pllewhellin2x@liveinternet.ru,10.0,787.53,500.5,1
2021-01-04,cb75d8a3-b295-4f0f-83a6-2d9a7796244f,sgullandmt@hubpages.com,10.0,906.68,332.14,1
2021-01-04,1e699b58-a5d8-40e5-b76b-abd5e61c69fd,gmacneilley7j@ucla.edu,5.0,405.0,205.38,0
2021-01-04,6b1c1bba-7df9-4b53-9def-5f1d8c1a23ab,jgillmoreqx@gnu.org,7.0,810.69,422.04,1
2021-01-04,42898b9e-8a83-4377-b090-59245b8788bc,obartolijnqv@feedburner.com,3.0,658.49,615.88,1
2021-01-05,f2bde571-5634-4b87-9f0b-1300b8236ac3,scassey59@soup.io,8.0,193.0,459.52,1
2021-01-05,d282c64d-67a8-44dd-a4e3-04d3dd73d397,jbutton19@networkadvertising.org,6.0,247.22,168.58,1
2021-01-05,539b7314-8822-49b6-b4b2-e8986afff090,ovearncomber6@ameblo.jp,3.0,937.45,319.33,1
2021-01-05,cf93f82b-e324-48a6-9c0b-790b4814cb07,cpainep5@shop-pro.jp,13.0,834.54,555.52,1
2021-01-05,cd64a811-d3f7-4d0e-932e-8d7c9abd907a,degerton12@quantcast.com,,402.15,101.51,1
2021-01-05,08faac41-59f9-4e31-bf22-c92b897591a8,rpettettak@ustream.tv,2.0,874.86,573.39,0
2021-01-05,e891a418-2277-433c-879e-f3a8de67246a,amilillor4@bigcartel.com,5.0,939.04,541.66,1
2021-01-05,027ec154-8425-48f8-bc80-b9dfd73e4bd8,jrimmerj2@wikipedia.org,15.0,693.33,688.42,1
2021-01-05,80784aa9-16bf-47f7-a8dc-e89da2225fec,lwitherow8y@java.com,10.0,957.82,585.4,0
2021-01-05,14d0c05b-fb96-492f-9d59-1b8cf49579a3,mwysonqp@hp.com,,604.11,38.3,1
2021-01-05,43179275-3c7e-4a17-a8ea-b83f5e19f7f7,dfordyay@mashable.com,13.0,180.79,344.41,1
2021-01-06,061a35e4-2342-462e-8186-a2431c4459f9,gnorewoodj3@amazon.com,5.0,979.73,503.89,1
2021-01-06,9091f539-756b-4f01-bb5d-31142200c613,tfribergqj@tuttocitta.it,6.0,251.04,774.65,1
2021-01-06,1860c9a3-5ec5-4877-95fd-0e3dd608dbbb,dchateeh@hubpages.com,8.0,535.52,776.73,1
2021-01-06,4a6f0fe3-6bd7-4005-ac00-fb41311fdc01,zaddenbrooke6f@a8.net,4.0,640.36,601.24,1
2021-01-06,a97b76a9-c46e-4f8d-a9d2-29a769b9fac8,mnaylordn@de.vu,5.0,137.43,434.96,1
2021-01-06,4a2d0453-1a7a-436b-87ee-1f596fa80d58,ngalerhm@liveinternet.ru,16.0,620.98,693.93,0
2021-01-06,86adb70c-0816-4f8e-9162-582b74930d6c,fwalkingshaw52@wired.com,3.0,385.79,208.38,0
2021-01-06,779a29a6-dd13-45aa-b514-587a4002628c,senglefieldbk@dagondesign.com,9.0,975.02,526.26,1
2021-01-06,e22fa2a5-9089-4bf0-9549-cafa46e6c9ac,kmattiellorh@topsy.com,,494.97,683.28,1
2021-01-06,7dea7765-31e9-420f-b515-a7ef952c9b56,jmeddings6j@fema.gov,3.0,982.44,768.83,1
2021-01-06,9b01ba0b-63ce-4b47-a196-0d6495c8e775,kmaclaughlinr0@blog.com,5.0,974.68,122.59,1
2021-01-06,ffa5ffee-5170-4073-92f6-71c9b5c48bcd,epadberyk8@microsoft.com,9.0,110.75,438.78,1
2021-01-06,9c3f6511-f0e6-4194-a3f9-b72a0b94a65d,mkimmonsiz@lycos.com,13.0,408.01,756.06,1
2021-01-06,88aa4c66-486f-4c98-99a9-83282a6ae815,tateggartnr@washingtonpost.com,8.0,912.83,574.44,1
2021-01-06,a769d8f3-cc81-4249-8925-13671ff69776,bcuthbertsonlw@unesco.org,8.0,515.15,225.62,1
2021-01-06,c6816a95-eb16-4cc0-9c3e-bc7e1e4dd981,zpressmanjk@yellowpages.com,19.0,506.57,256.47,1
2021-01-06,baf2014d-f6e9-45e8-b40b-9e90d717b682,dlievesley1n@howstuffworks.com,1.0,804.27,219.54,1
2021-01-06,6c4c905b-e40b-4114-a420-ebfe27582bf4,emattesbn@hud.gov,8.0,960.37,615.74,1
2021-01-07,483242d3-1819-42f9-b664-ab131d7d0fb8,jflackip@comcast.net,12.0,781.44,92.14,1
2021-01-07,8f322c88-0deb-42d9-a2d0-edecca55dd0d,lcammishpl@tumblr.com,3.0,685.11,473.55,1
2021-01-07,b30e5e56-e615-4dca-8adf-5b5f78d9006b,ogrisenthwaite17@blogs.com,10.0,124.55,321.88,1
2021-01-07,eddcc477-4786-46da-80f4-90b2cb42a639,tquincey7o@sbwire.com,9.0,519.79,301.61,0
2021-01-07,b78dbe91-eb9e-496e-a980-8e390e1cf2af,kchorlton1u@msu.edu,1.0,247.15,671.03,1
2021-01-07,afd260e9-268d-40cc-b706-f9368ddbf245,uamthornz@4shared.com,9.0,701.84,49.2,1
2021-01-07,9fbe997e-4397-4573-bd29-d1e1fd6bc710,bmartins3q@blinklist.com,10.0,592.61,176.99,1
2021-01-07,d73fa945-1bb8-4d82-8ef4-ee98033e6748,aiskowbs@icio.us,9.0,914.65,475.09,1
2021-01-07,55cbdfe8-d867-4e09-aa11-f88668f8834e,mmaccaigd1@gmpg.org,16.0,892.36,57.25,1
2021-01-07,0108bed1-04a9-448e-8bca-34c35c5be8f3,epomroy5m@yahoo.com,4.0,575.52,667.53,1
2021-01-07,e708f109-9bdd-4183-a34d-9981a02a3917,mfiskeem@de.vu,9.0,173.43,44.0,0
2021-01-07,34c0d857-32c4-4d2d-b33f-8a2131dfe2ab,ebubb1m@stumbleupon.com,4.0,566.11,198.08,1
2021-01-07,ca3aaa48-33ce-4c2f-94c6-1ac56c7bc2df,omcallanr1@dyndns.org,6.0,777.36,470.43,1
2021-01-07,918be94d-b2bf-4e83-b44a-c9f2c748a526,bkernej@techcrunch.com,3.0,100.33,122.06,1
2021-01-08,72ffcb41-ce47-4d66-a0f0-2890db8528a6,gtieryg7@1688.com,5.0,466.58,358.38,1
2021-01-08,af27966e-f6be-413a-900a-dba8fc278cb3,slynagh9j@yahoo.co.jp,8.0,156.82,118.54,1
2021-01-08,1d7fe6d2-7bb1-4cf4-9c8a-8642b1bbc751,dwylam6r@businessinsider.com,5.0,757.46,356.25,1
2021-01-08,04083013-8423-43db-b607-f3e972d039c0,sbrimmacombebe@dion.ne.jp,6.0,711.29,400.96,1
2021-01-08,eb679ca2-0089-4112-910c-a01bb2f52aa4,wclemei@nifty.com,,642.03,355.71,1
2021-01-08,6a8f6b7d-51e2-406d-a536-f5c0962c09ec,araven2c@java.com,6.0,133.06,160.33,1
2021-01-08,e6ad3e08-e249-442d-ab46-7585798b6129,lturrell2y@discuz.net,6.0,847.08,109.12,1
2021-01-08,4a0cfa8f-9f8e-44fa-b956-740d246b81b7,jkynastoneeb@bravesites.com,6.0,258.64,138.84,1
2021-01-08,eb24d3ee-8ddf-4f24-af86-90689316f442,rdantonihx@apache.org,7.0,896.55,245.08,1
2021-01-09,012888ae-f7b4-4fc6-9550-33528c3c7f81,dswinbourne8d@who.int,9.0,878.8,769.23,1
2021-01-09,2d49e64f-56de-454d-9c4c-4937b6210577,aiacopettiil@theglobeandmail.com,5.0,292.05,729.77,1
2021-01-09,a9fa281c-faa6-47f4-bbd9-13949dab5693,tweitzel6u@home.pl,,481.01,375.52,1
2021-01-09,9de605e3-6d34-46c1-a234-1bb95529b499,cheggedy@epa.gov,1.0,316.5,640.24,1
2021-01-09,5e709852-696e-43dd-8c1c-63fcb3532879,orojahniv@google.co.jp,6.0,313.88,147.83,0
2021-01-09,2e3baf0f-d728-42fd-8cbd-3adb1ddd6f1f,kreavell3g@sun.com,7.0,320.35,445.01,1
2021-01-09,62be3ac3-10ce-4082-b2f2-bde01f51bb91,bcarleman61@europa.eu,8.0,892.98,723.56,0
2021-01-09,b34dfc7b-3db6-4f66-9807-52f1757d19a3,icastandq@opera.com,,844.02,491.12,1
2021-01-09,29aa936a-adb3-4d98-aa85-1ddb86e680b0,ggarfit3b@telegraph.co.uk,,553.72,409.34,1
2021-01-09,3aab6b3f-8bf6-4843-9ce7-641c665b02e7,ejoynesca@aboutads.info,7.0,720.53,645.85,1
2021-01-09,8feca93a-b416-4101-ab11-fe59ed3ba37e,gsqueerski@parallels.com,12.0,281.67,415.78,1
2021-01-09,cdb284fb-ac51-459e-91ed-6b7bde8a399c,cpotte7g@over-blog.com,6.0,423.4,72.09,1
2021-01-09,216fb0a2-b1e6-4659-a246-c36fdee072c2,mgoodfield7z@state.gov,5.0,728.58,751.56,1
2021-01-09,a833e0da-3c80-4ebc-ba62-41534af62583,bbarbischck@ning.com,11.0,358.43,748.01,0
2021-01-09,acaa6707-2a00-4059-b8e1-522ba52dd418,cbutlandh@wired.com,13.0,585.83,560.31,1
2021-01-09,8f3ba6b8-f3d4-4557-a25a-419b81ff5c1f,obozworthof@tmall.com,4.0,138.94,19.29,1
2021-01-10,105ca0a5-edb2-4d77-9f39-55e8caad22b8,rkinmanpx@1688.com,,326.18,674.42,1
2021-01-10,ef612eac-dd97-48a2-a993-d9a172a2be62,glindwallc6@shutterfly.com,4.0,446.22,628.6,1
2021-01-10,5745fc0c-2247-40e1-a7d6-c2225dcc3c16,odudinay@columbia.edu,12.0,696.39,752.88,1
2021-01-10,20411f36-f0cd-4c84-be7b-c6256659e6f2,alorincz38@fema.gov,6.0,188.7,556.69,1
2021-01-10,62ff3f89-69a0-4d9e-8c3a-2305f5233794,nquantickhp@devhub.com,7.0,167.77,224.09,1
2021-01-10,83e4e1cb-27bf-4a46-9c7f-e54cbc2f6431,oeillesdy@mapquest.com,11.0,519.45,534.17,1
2021-01-10,40a6dd41-8512-4502-aa1e-2c8dc63f4d70,simpleton6@facebook.com,16.0,447.47,493.03,1
2021-01-11,6493edac-c9af-4d3a-87fa-36bb6cdb0661,cdemaineha@plala.or.jp,13.0,559.94,328.1,1
2021-01-11,511e6885-93d6-45a5-aa0e-dad0a88e6b21,rbockkb@friendfeed.com,7.0,767.37,265.93,0
2021-01-11,d5db0abc-feb2-4701-9bbb-44d728c2d895,rpracy65@home.pl,5.0,136.4,260.38,1
2021-01-11,de9cbd9d-bee4-407d-9d69-69aaad1b8f19,skibblegw@forbes.com,12.0,420.8,154.67,1
2021-01-11,b7e71dc8-c052-46b6-82e8-417da69ba2a3,ldaveren2h@dyndns.org,7.0,578.76,529.63,0
2021-01-11,b5f76f7a-3f6e-4266-ac04-2e81f3e69746,shaycroft4m@sun.com,10.0,745.68,84.63,1
2021-01-11,2a765d76-3f2c-46fc-9957-8dddd0e8b59d,hchamberlaine3e@rakuten.co.jp,10.0,863.66,669.07,1
2021-01-11,a4ed783b-05a1-4f9d-b0ca-194d893f86ae,aglowackipc@umich.edu,10.0,525.21,240.57,1
2021-01-11,e8d1fbb6-9bce-4f99-bb6e-cbaf0ea54c5c,lhubeaux7q@mysql.com,9.0,40.07,649.41,1
2021-01-11,52d74d8a-66ee-4a23-9f18-593138f1ede8,gbulloughib@freewebs.com,2.0,896.38,73.3,1
2021-01-11,5d6096f4-6621-4cfc-8478-eebe1810a6c6,rmuckersieqf@samsung.com,7.0,897.37,51.43,1
2021-01-11,3b65df69-d926-4ee8-9110-9c7d722198ac,fvigurs2v@geocities.com,12.0,695.6,355.57,1
2021-01-11,97623964-e4bc-4610-80a2-29137956cd3d,psolliskw@newyorker.com,9.0,307.86,739.51,1
2021-01-11,f7a65f55-e6d4-44b6-8719-dbc99271d3e1,blagdemj@vkontakte.ru,8.0,393.92,231.84,1
2021-01-11,fc072107-e1ce-409d-9807-6cac22298683,cosheeringz@sphinn.com,16.0,185.13,704.58,1
2021-01-11,02f3be7d-12e2-48b2-87ed-ed3da0399a5a,apfliegerqh@linkedin.com,6.0,675.4,374.89,0
2021-01-11,300a0a58-7c92-4834-884c-90d8875e465b,nfelder10@si.edu,3.0,47.82,564.27,0
2021-01-12,7f66d3f0-874f-475f-985e-88fcfcad41b1,mbortolussid4@google.com.au,10.0,79.84,703.23,1
2021-01-12,da8a1c7d-2ae6-46e0-b26f-1ded811c0e2a,wbranchej3@nature.com,14.0,996.73,389.17,1
2021-01-12,ade0bb55-becd-4813-81a2-7c58daaf691e,gfrickerb7@ovh.net,13.0,423.1,46.27,1
2021-01-12,e80a7906-03b7-4039-af42-b44c08534dba,mleninf1@parallels.com,8.0,933.27,673.89,1
2021-01-12,6dbb897c-883d-45cd-98cd-72e3662e4d18,bholliganh8@zdnet.com,11.0,50.15,589.59,1
2021-01-12,982469f5-560d-4be7-bb20-182f68975432,atrahmelh4@netscape.com,6.0,935.42,97.78,1
2021-01-12,f5533ce7-3fee-40a8-a388-83e5ab18a6b0,pshorter7d@aboutads.info,12.0,395.14,139.94,0
2021-01-12,954c0498-c1ff-4ade-ab61-6ff878c444aa,rbasleype@fotki.com,11.0,858.78,116.24,1
2021-01-12,394f10bb-48dd-49e7-be87-fda9ad5c4de6,sskipseak6@hp.com,18.0,857.69,734.53,1
2021-01-12,a9c6b2d5-cb15-4c2a-8352-ea3ebb7bddbc,dlergangx@storify.com,,725.13,301.3,1
2021-01-12,21e01dc6-3269-410f-97a1-85e780f85866,jmceneryph@hatena.ne.jp,9.0,643.75,310.76,0
2021-01-12,2ebc9b12-8447-45a0-9043-44a19d9bb4f1,egalbraithjo@google.co.jp,13.0,278.55,707.86,1
2021-01-12,e6026650-e8a3-44cb-b583-4b1ec5f135f2,aalgy3a@addtoany.com,14.0,340.51,642.22,0
2021-01-12,edbc4ecf-0d2d-4974-b8e5-126340a6d0d2,jkonke40@netscape.com,5.0,562.5,621.17,1
2021-01-12,e6f17fd0-ddef-44c3-9795-b6f591270536,mborges8h@ftc.gov,7.0,915.47,605.55,1
2021-01-12,84b94b86-c19a-4ad8-9139-cb17b4fc586a,pgoadbydo@meetup.com,,922.95,51.33,1
2021-01-12,7336328a-a656-41c9-b2c2-95214d57e1f3,ddimeof3@yellowbook.com,7.0,53.46,258.73,1
2021-01-12,028a0c15-81a6-4c21-85f4-759100d43f57,ctrenamanlp@baidu.com,11.0,713.32,498.76,1
2021-01-13,aed9b722-98d9-4681-84f6-81e5dda144dd,sdohmann6y@patch.com,4.0,735.55,587.1,1
2021-01-13,d113d28d-7f92-4900-9a0e-e554380e635d,lderyebarrett8b@desdev.cn,,449.01,588.87,1
2021-01-13,bd49d8ee-eadc-4346-88b0-91ffa30deb12,nianitti5h@printfriendly.com,9.0,410.83,257.38,0
2021-01-13,b0d63937-54c5-43cd-9dcc-09ed70c31fbc,hbrandt4d@topsy.com,8.0,688.72,688.17,1
2021-01-13,38d80c09-1fd6-4110-a353-859aef6077ef,fskuddera5@ebay.co.uk,13.0,991.18,240.7,1
2021-01-13,b53ee063-ddc4-4259-8823-7d6c384518bb,btheseirakm@netvibes.com,7.0,905.24,211.56,1
2021-01-13,cafe99ef-25a4-4e02-972b-038dde1c4f6c,tishak8w@narod.ru,2.0,825.32,603.5,1
2021-01-13,c4697071-9319-4a19-91ee-2fd54bc07d25,btillsm8@hatena.ne.jp,5.0,797.19,645.45,1
2021-01-13,69dd5221-bf5f-432a-8291-8d2e9eeaf89a,totteegy@google.com.au,6.0,717.48,569.11,1
2021-01-13,bcce51a4-3357-4f13-876c-ea53b9e9fe93,dlatimermu@noaa.gov,9.0,858.97,543.34,1
2021-01-13,c2c0d877-019a-4328-bff2-af4c539035cb,lmettrick9y@artisteer.com,10.0,203.46,38.58,1
2021-01-14,309e1001-c47d-4962-8290-20560f706cbd,gvalekcc@live.com,16.0,915.17,119.65,1
2021-01-14,e5ff19ad-a8c7-4bd2-a553-67e365af646f,wroser2x@columbia.edu,3.0,597.41,731.49,1
2021-01-14,643fbcd8-29b1-46b0-9ab9-7430bf4535e1,hdronsfield9g@barnesandnoble.com,12.0,969.65,713.11,1
2021-01-14,4020a545-cd65-4637-9629-d199164337dd,ggeistbeckqx@wix.com,11.0,141.25,495.2,1
2021-01-14,d112f315-bc93-4ab3-9292-eb7495514f61,jbordman3v@sphinn.com,16.0,288.34,778.21,1
2021-01-14,eda98433-243c-4899-a879-5a70caf4c685,sweddellec@scribd.com,1.0,510.51,538.6,0
2021-01-14,0ef0465b-14c4-40d3-8093-8e680ab26ef0,rstegersie@nps.gov,1.0,308.9,317.53,0
2021-01-14,2b671a40-cfb0-402b-835f-e160749737e1,hdeetch1x@cloudflare.com,9.0,696.48,699.86,1
2021-01-14,fd657559-9503-4a73-9293-a24d0ac4c987,bsnalumeb@google.com.br,4.0,950.61,173.25,0
2021-01-14,24f5bde5-8cab-4799-b1d7-167ebbf187e0,ejugginsg4@github.io,3.0,990.04,527.17,1
2021-01-14,0a8276a8-72db-4666-af73-1d0978883cbb,dfearnillbh@lycos.com,3.0,721.84,376.34,1
2021-01-14,ce053775-9e7e-40da-a222-e753a273ccbd,jpallent38@multiply.com,3.0,956.91,330.74,1
2021-01-14,62658763-8b05-45f9-a9b5-a599e1050c05,ksparkesq3@etsy.com,,53.64,356.48,1
2021-01-14,1bc1004e-80ff-4761-9c49-51a355163c6b,amuncasterjz@omniture.com,11.0,553.45,64.82,1
2021-01-14,79e3bc9f-7712-40cb-92a9-121132295d37,mmathewsoneu@simplemachines.org,14.0,136.64,749.68,1
2021-01-14,7a61663c-bd0f-4c5d-b17d-405af60040be,bmertelb6@tuttocitta.it,11.0,455.98,189.98,1
2021-01-14,580d9847-8482-40fb-98c8-5e2902957d81,nprovestr6@discuz.net,1.0,909.03,682.42,1
2021-01-14,b8d70ed9-c102-4713-a52d-a65c6c4166bc,bmccaighey24@unesco.org,8.0,613.16,207.28,1
2021-01-15,b89b4be0-5f64-4b67-bb2b-d2b35f9f09cb,rrathborneqp@weebly.com,13.0,544.6,225.35,1
2021-01-15,a3bb2843-5d79-470f-a08a-9dada3ee22d8,sperree1l@va.gov,5.0,564.38,223.29,1
2021-01-15,57dd961f-0843-4ced-a3a6-d64152314a03,mmeusedd@rediff.com,,503.5,690.21,1
2021-01-15,21bb9502-217f-44be-bee3-9d2a8e9f6129,mpouton6c@indiegogo.com,10.0,860.58,347.95,1
2021-01-15,a4fccb4d-54d7-42cd-b6df-0b2f3f70bdd9,tfaradaykh@walmart.com,5.0,102.81,557.43,1
2021-01-15,5aef933e-c399-494a-925d-34fa6134c6f1,tdingivan13@netscape.com,11.0,969.72,74.98,1
2021-01-15,2bf757a0-4971-41ff-a889-fcacbd6c34c1,qcratchleyfe@ca.gov,11.0,261.38,669.57,1
2021-01-15,ab39e842-af03-4dcb-aaf3-bafb6374ce41,apadfieldhp@omniture.com,9.0,991.51,488.72,1
2021-01-15,3aa5ef1f-418d-44ae-992e-e08d3182fd86,tswyerl1@studiopress.com,12.0,777.69,332.63,1
2021-01-15,544420d7-e563-47e2-831d-1a5cf7a1d95d,hshawdforth5q@nature.com,10.0,651.0,563.49,1
2021-01-15,8f29b785-96e9-4059-8e93-893026564225,rbothen7@paypal.com,5.0,105.34,93.98,1
2021-01-15,1ac39dd1-6f65-4eb1-b0ba-2676ac14905c,blindley4o@yellowbook.com,9.0,214.96,749.1,1
2021-01-15,c05b09c6-f050-4124-93b2-55a625b83e1e,glidbetterc5@fda.gov,12.0,844.46,437.06,1
2021-01-15,69682dc6-ee4f-4ec1-9132-590539afc959,flivzey18@jalbum.net,,214.97,588.48,1
2021-01-15,1dd47f1c-0a62-4a67-85d5-50b4e5be4082,rliversageo@virginia.edu,10.0,755.34,705.87,1
2021-01-15,e1fe697f-49a9-4da4-8f05-4ada86a46978,shellwignx@sphinn.com,10.0,355.91,391.37,1
2021-01-15,870c9726-675a-40d4-b26e-6a6f5785fac8,bleavry7y@senate.gov,11.0,767.32,492.27,1
2021-01-16,759d0b56-2fce-4517-aaf0-b0ca147ca378,cwhiscardml@skype.com,9.0,257.51,48.9,1
2021-01-16,52ec0daa-0f47-4d08-8b0a-87335c1663a3,fkildeao1@smugmug.com,4.0,424.89,252.23,1
2021-01-16,6e21bf8b-941c-43d9-abb7-481457c29e46,bipsley1z@dagondesign.com,19.0,421.2,406.18,1
2021-01-16,1d7c7c96-ba10-4ad3-b008-20908a7f87ea,evolkesme@nps.gov,15.0,802.97,447.3,1
2021-01-16,5504ffe6-d3fb-47be-808d-6dda6f7c8e0e,dfurze39@imageshack.us,16.0,476.46,626.58,1
2021-01-16,04c27762-dd6d-41b3-a89a-479358693ac4,lmachargr8@tumblr.com,4.0,60.81,66.67,1
2021-01-16,68750c64-46f5-4fe5-8feb-089963c388ae,dmcarthur98@admin.ch,12.0,757.99,15.11,1
2021-01-16,1491d35c-00a9-404b-9d58-f78cc6ff3d6c,qfrancaisdl@geocities.jp,11.0,235.58,773.16,1
2021-01-16,e4a139cb-b69e-4c90-ae12-97638fd0d267,avosscp@photobucket.com,11.0,311.8,610.98,1
2021-01-17,40c10909-4912-463a-b683-2e7b79597a3f,dwinear76@ebay.com,9.0,663.24,132.07,1
2021-01-17,5f1a05d2-7774-4698-a016-f6904523fcf2,lcousens7e@sbwire.com,6.0,892.77,591.54,0
2021-01-17,0e54579e-c5a2-460b-a1b4-ed1b9e3ba655,agreedygc@ucla.edu,5.0,102.2,566.48,1
2021-01-17,c0903306-ebb8-4540-8207-edb466d3bb0b,sjackettskx@un.org,6.0,683.24,279.74,0
2021-01-17,75ac2478-a5fd-4d88-8e33-c3bbeaa30ef7,esyms4t@baidu.com,6.0,817.15,227.77,1
2021-01-17,2bd6aa87-b45e-421d-a19f-4ba5eb0cb1a1,sbeinkehs@washington.edu,,546.59,102.23,1
2021-01-17,74d557db-6571-4368-99c3-64003fb25855,edurdlelw@barnesandnoble.com,10.0,281.64,17.13,1
2021-01-17,9eb3227e-bab3-4305-af24-23c6bf2e75dd,epalince@google.nl,8.0,766.93,159.41,1
2021-01-17,3db2cd70-0b12-4fbd-bf46-77a037159679,mscogganhy@elegantthemes.com,8.0,447.14,530.97,1
2021-01-17,e52d9081-46a6-4eb8-9f58-63f76db8906c,lskellern3m@alexa.com,9.0,324.84,547.84,1
2021-01-17,3cc19b64-ff77-4d0b-827d-89956d407c69,tferrersfw@ning.com,6.0,674.07,723.47,1
2021-01-17,fd4b0f28-17dd-4231-aab3-fb468c927498,tillwellmz@sbwire.com,8.0,519.08,28.34,1
2021-01-17,9c8d7b7e-78d4-4641-9f74-2a14d48431a2,ecorradettik9@nationalgeographic.com,1.0,339.6,707.85,1
2021-01-23,79e7d722-2012-4640-9bf7-5a8eb5d4b389,fbeddingk@uiuc.edu,17.0,108.6,274.53,1
2021-01-23,d30d7a49-5709-48d4-b758-20542eea987e,mfrankomri@npr.org,13.0,917.91,251.41,1
2021-01-23,69c1c685-9def-4ac9-b10d-9957be6f7eb7,jchalfantlq@sphinn.com,10.0,483.94,176.63,1
2021-01-23,91a7529f-cc73-4699-961c-18ef3e648d6e,fsprigingsq0@freewebs.com,8.0,326.75,614.24,0
2021-01-23,ab4fefed-0b91-41f6-aac0-11fe06ccb757,tdocker8q@pbs.org,,171.1,384.7,1
2021-01-23,1ba370cd-42e3-4d3e-b57c-1715a7c15304,ewyvill4e@bbc.co.uk,14.0,710.52,737.95,1
2021-01-23,d54e5353-b5f7-481d-9521-2c19d01e480d,oswatland1@gizmodo.com,7.0,945.94,294.42,1
2021-01-23,b31bca85-96d4-40b9-ada3-12baa419c271,cgarlick4@google.it,6.0,364.85,307.33,1
2021-01-23,3deb5ce9-57c4-42f3-943d-75a0c3d845e5,gflewitt4w@whitehouse.gov,6.0,86.28,240.93,1
2021-01-23,57929b08-73fd-4c81-9449-6ce6682a2d95,bgillbeybc@answers.com,2.0,913.17,298.1,1
2021-01-23,815d3f0d-5a8d-4922-8b28-a54c14003e83,ocomolettij0@i2i.jp,13.0,55.14,470.02,1
2021-01-24,1ee1c364-cf30-400d-aa61-b90e837be0e2,wlunk66@flavors.me,3.0,256.7,564.87,1
2021-01-24,f329d41e-23af-45a1-b0a9-81663c68ae1a,pthamesdg@ed.gov,7.0,703.56,124.23,1
2021-01-24,1d7461db-15af-4dc0-8839-8858877e68fb,sroffna@apple.com,7.0,85.29,588.64,1
2021-01-24,d0a54a5b-1576-4dde-a675-b378e63b2a26,breucastle55@gnu.org,10.0,48.54,707.86,1
2021-01-24,63c44f6e-8e92-46f0-888d-99244b3c54a9,jhansleykt@businesswire.com,5.0,726.82,703.74,1
2021-01-24,2c652067-3a7a-440c-83c9-c92f9f607ec5,cricciardinv@boston.com,1.0,935.0,402.68,1
2021-01-24,753cde0f-02a6-4bac-a146-bab04d8a0dee,dcrottagh21@eepurl.com,10.0,559.91,644.85,1
2021-01-24,4ee5c130-1c97-4b50-b911-c2c799fb918b,mpeddersenr3@cdbaby.com,5.0,77.4,196.5,1
2021-01-24,1c0e37ec-85f4-4b92-b63c-785a9487bdf3,aoverpool1n@1und1.de,9.0,523.25,348.99,1
2021-01-24,b5eedd05-a114-4f0a-ab3c-3d642b46f859,hthrelfallkp@indiatimes.com,11.0,723.01,716.92,1
2021-01-24,c61a30aa-5e7e-4fc3-8591-48513d29e354,gstarrin@usgs.gov,2.0,684.12,67.37,1
2021-01-24,86baf7fd-cd0c-444d-8978-fa5ab60d530c,sdreinanf6@fda.gov,4.0,588.6,285.43,1
2021-01-24,b543c388-73dd-4d3d-9acb-23dd3affbc42,pportinarila@statcounter.com,10.0,786.94,508.4,1
2021-01-24,a3eb6008-381f-40b2-8c42-d17f24a3cb18,eguillondb5@go.com,13.0,612.02,619.56,1
2021-01-24,e7ad70c3-814b-464b-a275-0cb3980d8b52,efoatj0@cbslocal.com,17.0,271.35,51.87,1
2021-01-25,42bba308-881a-41c0-bdc3-660d8ef6062a,rwennamr8@scientificamerican.com,4.0,317.02,519.51,1
2021-01-25,e72b1ce6-30a6-4df4-bd1b-8842f92a69ab,cmatiewe6l@tumblr.com,6.0,392.38,655.9,1
2021-01-25,0707e278-e543-488c-bf99-07af727c7152,gmattsiv@g.co,9.0,585.71,650.53,1
2021-01-25,0d261b04-fcb2-4abe-be14-a3be81cd3e7c,glindforsjs@ehow.com,11.0,669.57,459.9,0
2021-01-25,a3f739cd-4219-4558-b9f8-c03f26a765e1,gbriant6c@miitbeian.gov.cn,,555.82,366.95,1
2021-01-25,b687616a-3f30-418e-af21-0823acb97f99,vcleaves2t@dailymail.co.uk,8.0,787.57,503.13,0
2021-01-25,e0df031d-bd54-47a6-96ba-883a60c47e86,rdongate96@t.co,12.0,170.89,208.08,1
2021-01-25,0b457b9e-82ca-46f1-a343-44c7d17b907a,lgimletcv@zdnet.com,6.0,463.79,411.84,1
2021-01-26,6492e56b-4c5e-436d-8d39-0404ae9b6888,tdoughtyh5@wix.com,4.0,841.16,410.87,1
2021-01-26,1b70ae5e-efa6-43d4-99bb-be84f0b34e2a,bpattesall34@w3.org,7.0,673.31,572.59,0
2021-01-26,48ab37fb-f1ee-43b4-bdd1-c70d67bd4d0c,tthodyls@biglobe.ne.jp,4.0,219.88,706.71,1
2021-01-26,32be1a2d-fe4e-450b-9b96-b07a8f9c20fb,lelt48@google.com.hk,5.0,101.6,486.38,1
2021-01-26,e166233f-bb20-465d-afc2-10d194e45fb9,ftoeex@godaddy.com,8.0,242.44,205.17,1
2021-01-26,e35390ea-3e4e-45dd-be77-d22f9f8ddf84,vbaxstare57@networksolutions.com,16.0,64.89,302.6,1
2021-01-26,5b850b4b-4f78-4890-8b02-0bd485f4fc2f,ghullemt@technorati.com,2.0,241.96,541.35,0
2021-01-26,dda60f7f-3a94-44ed-b472-eee6a436ef5e,rwithullcb@nyu.edu,10.0,48.84,303.82,0
2021-01-26,ce81140c-e83d-472f-b000-239c6eba7281,iwakeley8v@t-online.de,7.0,131.67,552.69,1
2021-01-26,0fcb78af-0c2d-4469-8288-8084bc021ffd,rbaddoehb@delicious.com,15.0,438.6,642.78,0
2021-01-26,c0297f0d-7a8c-41c5-84eb-4db254115044,efisbburnef2@intel.com,14.0,53.59,194.5,1
2021-01-26,a7421f8a-b115-49c3-90bf-302fb737f20a,mdearelljk@patch.com,8.0,225.28,220.08,1
2021-01-26,526516fe-232e-4a12-91ed-597e712dedb0,jvanderbeekfk@mlb.com,15.0,288.27,628.98,1
2021-01-26,38c26ff2-a668-450d-8508-b17fa4dd3a2f,afilovdg@hibu.com,4.0,241.83,167.48,1
2021-01-27,54fc216f-56cc-4b71-af77-2ab83664556e,cmowsleycz@multiply.com,8.0,335.14,334.45,1
2021-01-27,566cd26b-8723-434b-aef5-19ea1db6ac70,agowercp@hao123.com,15.0,262.35,756.55,1
2021-01-27,c8a5a28b-0fdb-4e8b-8656-5aafa2ff1984,ckerwinge@bigcartel.com,3.0,541.65,495.2,0
2021-01-27,9e9b8d24-0651-43fa-be94-35ca26d2a65b,ahuburnm2@booking.com,5.0,700.4,383.06,1
2021-01-27,35e1ca1b-8443-4d8e-8b51-883a835ec65e,jhowieoz@comcast.net,10.0,538.34,428.98,0
2021-01-27,ee560f9b-d567-4c79-a1a5-e984207e232e,sgiacovelli8b@amazon.com,8.0,961.5,358.58,1
2021-01-27,cd3b664a-6318-4788-b0eb-f7ccf7c19450,ptrueny@vimeo.com,,756.42,614.01,1
2021-01-27,34bbe9f1-ae9d-4520-8b04-4f83927315df,ddanaharcl@xing.com,10.0,236.02,204.39,1
2021-01-27,922a17c4-5074-41ae-98e7-fc806beae6b0,flurcockre@yellowbook.com,4.0,762.68,368.27,1
2021-01-27,c313c83e-eb62-42a4-8ae2-494759148c11,tsamson6u@nsw.gov.au,5.0,433.58,321.7,1
2021-01-27,0e566184-b429-436f-9b90-d96af9053335,dkeffordgr@phoca.cz,,305.36,194.97,1
2021-01-27,f29a687f-40c9-462c-9699-355592d3180a,bbaggaleynu@hubpages.com,4.0,690.24,586.48,1
2021-01-27,07c6a5a0-0a6d-4db8-90db-d0dc6ec2f678,mdullaghano@mozilla.org,8.0,954.44,73.13,1
2021-01-27,b8166e0e-708f-4d38-9396-7a0953d9dd4e,kbeverstocknb@npr.org,6.0,303.04,640.13,1
2021-01-28,5df8f77c-67cb-478e-808e-8b2703d38fde,mheinsh5i@google.com,9.0,480.32,456.1,1
2021-01-28,d6ed19e1-be41-4852-89b8-ffa521e52bfc,dbantockps@360.cn,7.0,771.17,316.01,1
2021-01-28,8ebad000-c964-49cf-9a01-8b6a363aefd9,tbrickstock1a@sitemeter.com,5.0,634.82,551.99,1
2021-01-28,c000d9b2-2b50-4516-91c1-8d274805d3f4,sbradie4z@smh.com.au,4.0,299.9,476.95,0
2021-01-28,a0db519c-1046-4491-85a2-80259b9e23ee,jculvey9n@un.org,8.0,837.06,697.1,1
2021-01-28,68b86dad-3ed2-44b1-9ed8-e2645463de2e,drisdaleqw@bandcamp.com,18.0,424.51,172.4,1
2021-01-28,8d97623b-4f05-45d7-bc32-1b1152a4eb40,rbernardeschio9@networkadvertising.org,7.0,708.48,249.96,1
2021-01-28,226e1607-8c80-49e7-b3f9-ec516abf9b2c,dbecraftir@npr.org,8.0,336.16,734.66,1
2021-01-28,a99602c1-85ed-487c-9087-30d6c7f5cad8,pstatec9@newsvine.com,,227.19,274.01,1
2021-01-28,73b46bdb-bdb6-4e7c-b3b4-29775f08bb8a,vlord23@dmoz.org,,369.3,340.97,1
2021-01-28,d3518924-f311-4d0e-828b-198fb17d2940,drafflesoz@yahoo.com,4.0,418.92,519.75,1
2021-01-28,4a6d1115-bc31-4c4b-a945-4ee1748fc16d,wcromackhm@over-blog.com,8.0,982.89,184.39,1
2021-01-28,ac849dc7-95d4-4183-81bc-70139ef2e836,ssanderson9x@simplemachines.org,4.0,906.42,394.83,1
2021-01-28,75142ed2-709c-4c4a-886e-f4918fac6f23,wgrando9@wikia.com,4.0,367.22,79.11,1
2021-01-28,5afe2a93-72b8-4f43-863c-aab92e6d3006,jbroyio@cam.ac.uk,3.0,383.92,566.32,0
2021-01-28,b02cb6e0-07ad-42d5-af6a-52baca601582,cjackeng@senate.gov,4.0,966.64,544.91,0
2021-01-28,3f2669b5-4d52-4628-ab8a-ac5d4deb84b7,edurnoip@ucoz.com,17.0,151.2,579.76,1
2021-01-29,d3f36ea6-3af1-4541-9e98-824aea4eb76b,gbrabbanp7@angelfire.com,3.0,765.69,423.74,1
2021-01-29,4cf9b1f0-83fa-4174-b107-221689cf0126,ahughlock44@plala.or.jp,2.0,698.14,761.61,0
2021-01-29,8f8df431-7cdc-414e-adf0-bd33e5a61a67,jdarnbroughpd@utexas.edu,11.0,331.26,651.18,1
2021-01-29,4c9dfb27-a523-44b0-ad5e-1d756595e6eb,cwigg49@skype.com,11.0,930.42,721.41,1
2021-01-29,aa9d0b7b-e862-4c3e-b833-435705b78f73,gboydle1j@tuttocitta.it,4.0,966.64,69.68,1
2021-01-29,c1603c37-5ee0-43ef-9318-468d1045769d,lsaltmarshehx@odnoklassniki.ru,12.0,744.11,84.73,1
2021-01-29,7b5a8e3f-15bb-4d56-b674-331ea7bafbae,mgreatbacheq@hatena.ne.jp,13.0,110.88,24.34,1
2021-01-29,2b5544f0-d572-47f2-8866-eabc67198620,abresnenfz@yandex.ru,8.0,493.21,665.81,1
2021-01-29,b57c0446-9d0e-48f9-b03d-be96ff3e9a70,hsemechiko6@abc.net.au,4.0,876.73,229.81,0
2021-01-29,f48e2df3-7c70-45ce-bfae-4738fadb3463,areapern1@alexa.com,,429.11,380.34,1
2021-01-29,b7a69160-5f43-463e-b205-83c797da024f,acalei6@unicef.org,10.0,147.33,598.26,1
2021-01-29,e86929d4-9b8d-48b8-a118-478db233d8f3,rrehmekb@mozilla.org,1.0,946.44,763.13,0
2021-01-29,47c8782f-4a2a-494e-ba5a-33e53ada5bdd,crevensjh@godaddy.com,9.0,654.81,422.42,1
2021-01-29,c85775f2-996d-41ba-bb81-8900877cda34,bcouch9b@sbwire.com,5.0,422.74,782.77,1
2021-01-29,33869d65-5a58-4b24-af25-e2bd4083bd9d,fmclukiei2@mysql.com,7.0,586.39,410.79,1
2021-01-29,a5fb259b-09a4-47a9-bc1b-a2c68347589c,grudolfer6a@google.fr,11.0,867.99,399.36,1
2021-01-29,efedd20e-6c43-4450-9296-e0e867c95277,jmoxsomhh@statcounter.com,7.0,296.84,709.16,1
2021-01-29,203e093d-d7c8-493a-bcb5-4d71268ae632,jturfittrj@tuttocitta.it,15.0,994.92,261.33,1
2021-01-30,ba9741d0-9ad7-4947-b377-0fe440204ce3,calastair6f@meetup.com,16.0,994.65,215.35,1
2021-01-30,12de2519-869e-4ee6-9d5c-24884c5c05f8,twilborl0@hhs.gov,7.0,253.64,254.16,1
2021-01-30,28612d56-93b4-43bf-a42d-3c6d41881712,blethlay15@skyrock.com,7.0,435.74,78.42,1
2021-01-30,87dbc195-8d2a-4453-80b6-7b6dc1a86341,cmcbeath8y@nymag.com,7.0,417.96,378.82,1
2021-01-30,48cc68f4-a0bf-4365-af8c-4e93f42d0d6a,ftalletn4@wp.com,9.0,850.03,303.0,0
2021-01-30,cf64215c-7a08-4fa3-865f-8666e72464fc,cstrangewaykz@usnews.com,11.0,405.77,725.4,1
2021-01-30,10b8f194-dadc-4199-a821-52d595b82f52,jmateevf7@time.com,7.0,178.25,297.42,1
2021-01-30,8d3bbc51-6400-403c-b29c-7a4bd95f3432,mtrace3x@jimdo.com,10.0,731.31,634.2,1
2021-01-30,25c08472-af07-4a25-ad77-1ed659e3d04f,nblaxlande2s@nydailynews.com,7.0,888.95,699.35,1
2021-01-30,23c4f40f-4767-489c-a017-42f150ed06a2,ttalbyhv@printfriendly.com,9.0,405.94,422.25,1
2021-01-30,1e525210-32b4-4512-88e6-0adc69714955,fabbetno@sphinn.com,5.0,446.84,763.91,1
2021-01-30,2a0490d8-f373-4397-a2e0-cbfe4f3e964d,bdimitresco9a@kickstarter.com,7.0,287.73,451.39,1
2021-01-30,52b9a4f1-7610-448d-a374-1caaf4b2d82f,rmcmenamiec@ebay.com,6.0,144.32,49.13,0
2021-01-30,9823a2af-e9ac-4b58-a761-4b8720cb7123,deste2i@prnewswire.com,7.0,163.42,248.09,1
2021-01-30,d7b5677e-00f9-4e84-940f-ff4c80d56dae,lbloxsum9s@feedburner.com,10.0,669.5,547.69,1
2021-01-31,9095222b-bb5f-4179-855b-44a3ec1c101b,ddarque40@amazon.de,11.0,579.42,565.19,1
2021-01-31,6802f15e-04b3-4810-a0bd-cd509d305464,flaverty2f@networkadvertising.org,6.0,297.31,106.04,1
2021-01-31,132a9af9-cc3f-4e8c-9c79-7a001ed7cc9b,sdumberelld9@wiley.com,8.0,978.18,521.85,1
2021-01-31,79e783e3-cdc4-4a3c-b09e-9111fd5394ab,tredond2@google.it,11.0,870.34,595.6,1
2021-01-31,0bfef3d0-093b-46e1-a87c-ce46b11ab3d5,druggenqy@blog.com,6.0,988.58,177.04,1
2021-01-31,0ccfac00-8314-48bc-9355-7128f461399f,glauret94@fastcompany.com,9.0,860.58,754.83,1
2021-01-31,ebae9d07-be77-4169-86ab-cec51d66a3c4,bwaldren7i@dedecms.com,2.0,166.24,662.49,1
2021-01-31,e905cb7b-5bd3-4712-82d0-1413c85d270c,bbeeckmg@cnbc.com,4.0,226.31,609.0,0
2021-01-31,7a3afc40-a13c-4e3b-8926-64ae52f2f5c6,eknuckles1k@fda.gov,9.0,596.49,537.9,1
2021-01-31,70a525d9-11a7-4a80-b3bd-522dd49cd36f,mcaras65@bbc.co.uk,5.0,66.53,779.7,1
2021-01-31,3ba3e9d3-5854-4b39-9d33-2de5d7abdd17,jvigers7p@oracle.com,1.0,699.85,397.43,1
2021-01-31,cb5a1141-06b7-4cc7-8d8c-c77fa6a6e0f4,dbagguleypb@cbslocal.com,10.0,503.03,170.62,1
2021-01-31,ec8e7401-13e1-48dc-9f69-52c23dfc6156,npoulsum1a@zdnet.com,7.0,459.23,357.7,1
