date,order_id,email,page_visited,duration,total_basket,has_confirmed,total_qty
2021-03-01,40c668f7-42a8-4fa4-ad79-9854bee9956b,kaubin4i@home.pl,,653.27,120.85,1,2381
2021-03-01,cd496f0c-a9ab-4a21-8a88-50c4a7777af4,pguillerman9p@dedecms.com,8.0,435.02,270.37,1,2381
2021-03-01,c90bea7b-aacc-40c5-8b33-5cb83f5af69f,fmccumskayar@samsung.com,8.0,633.83,742.56,1,4713
2021-03-01,aa791ef4-acdc-4562-90d8-d23c39873cb1,ajorgng@wordpress.org,14.0,445.94,658.13,1,4713
2021-03-01,d4adda4c-dc33-4316-b29f-831cfa158993,aredwall8r@ning.com,3.0,993.26,613.51,1,4713
2021-03-01,f0905546-6656-4035-8f8f-53f472b4b426,cmacveykx@ycombinator.com,6.0,836.51,470.1,1,2381
2021-03-01,5bccdb7e-757e-41f7-855a-f6f9fb9cac4d,lspillettoe@ucla.edu,9.0,263.68,32.05,1,2381
2021-03-01,9c82022b-78a2-4171-b8d4-6b7143bc7a34,edeverock8d@gov.uk,2.0,344.98,462.4,1,2381
2021-03-01,2b8eb70e-f2a5-45f4-8cda-9925a6d4b07c,hmyall8j@census.gov,6.0,818.21,256.54,1,2381
2021-03-01,fdf7e7fe-baa3-46a4-91ea-23b5f33eb847,rmatyc5@prnewswire.com,7.0,285.31,199.99,0,2381
2021-03-01,198a2f4d-1076-4d62-97b5-fad61a440453,neefting1j@nationalgeographic.com,6.0,664.54,185.99,1,2381
2021-03-01,e27341b7-7653-45d2-9275-e8ecf324bf5d,dkarpolma@squidoo.com,1.0,642.76,367.7,1,2381
2021-03-01,6e0153db-e2ad-4788-a862-a934307f2a58,mspeechley6e@flavors.me,,305.09,392.59,1,2381
2021-03-01,dfd388fe-ccdb-4d8b-adce-a12d8f1dccbb,lphilipps4c@constantcontact.com,1.0,140.5,301.71,1,2381
2021-03-02,8a63b18e-a74f-4243-af88-384c8ac4d7ce,tcockrellm@shinystat.com,,549.51,369.65,1,2381
2021-03-02,abb20e72-6a49-42f3-87a8-832d2ae67663,dtredget4r@networksolutions.com,16.0,814.53,376.51,1,2381
2021-03-02,e039a3ff-e45a-4303-ba0b-5b22420961d5,gkeenlysideh4@cnet.com,,541.31,328.8,1,2381
2021-03-02,6273e2be-c715-4388-b425-41246b9b40e9,ldonnettht@sun.com,12.0,870.84,511.15,0,2381
2021-03-02,8f17b4f5-f6c8-4056-801e-f407f3321743,rreilinggp@nature.com,,413.58,594.02,1,2381
2021-03-02,fe624b7c-bc00-474e-9596-57de807646a0,rfrontczakg4@timesonline.co.uk,11.0,231.86,637.06,1,4713
2021-03-02,eb7e786d-5e55-408d-9157-b50519d2f756,scarcas35@bbb.org,10.0,416.09,778.57,1,4713
2021-03-02,22f7f9c0-b148-4374-93d6-7356a9efcd9f,ftregien91@google.nl,11.0,842.5,221.04,1,2381
2021-03-02,92074bcf-4d44-4f68-93c2-ea989ce92567,fmccathie7j@tumblr.com,4.0,670.37,607.54,1,4713
2021-03-02,f02943ba-88fb-454f-ba7b-c2e0a46e2c7a,ytrautcy@icq.com,4.0,902.79,267.11,1,2381
2021-03-02,d95c774b-d5c4-4ba5-9a97-336921f39ec8,gstewartson48@naver.com,,565.75,141.57,1,2381
2021-03-02,a750b10d-7ef7-4099-9d73-b48406d4d09c,dgurdenos@imgur.com,,480.95,684.98,1,4713
2021-03-02,517e8480-f6c1-477e-bcfe-cd46fe3167e7,ajacson92@csmonitor.com,,404.58,740.26,1,4713
2021-03-03,3920d3ca-940d-4bc6-837c-2d082ca0198d,rgauntlettl@123-reg.co.uk,,534.56,595.2,1,2381
2021-03-03,eae9de2d-f8da-49d8-b4ba-407f425c2971,bkopg8@prnewswire.com,9.0,130.3,704.07,1,4713
2021-03-03,b950848f-5904-4207-8c1e-a138c1bbeedd,sjosef92@xrea.com,5.0,342.29,323.32,1,2381
2021-03-03,8527f3e6-ba45-40fa-a138-4c432543ece4,lcubuzzi2q@i2i.jp,,223.94,240.64,1,2381
2021-03-03,915aed46-b252-4e25-9d59-562d21703a36,bsandemaner@freewebs.com,11.0,780.19,607.73,1,4713
2021-03-03,af053d15-cfac-47f0-86d6-6bc41037297c,jmatveichev0@businesswire.com,1.0,792.22,201.86,0,2381
2021-03-03,b4a161bf-1237-4548-8a3d-ba5d620408bd,mwhiffinbk@netscape.com,9.0,229.29,777.35,1,4713
2021-03-03,aa11a25b-f427-4f6b-b5ab-38b048370a9e,jsporepy@abc.net.au,8.0,174.9,260.92,0,2381
2021-03-03,e2131b42-ec3f-405a-96ab-7bfc8adf1923,wgowdie5o@boston.com,,684.0,256.55,1,2381
2021-03-03,7b883ef3-1229-46d6-aac5-7862c8e0949f,diornsi7@sakura.ne.jp,8.0,233.11,281.67,0,2381
2021-03-03,5952447f-0220-4ea2-89b2-32e8c10f069b,rlivingstone7x@newsvine.com,,948.06,686.29,1,4713
2021-03-03,5e24d427-0b83-4eb2-9312-5f85ce57c8b0,gvannah2t@plala.or.jp,14.0,456.38,589.27,1,2381
2021-03-03,11c647a9-be52-4a07-b0c9-d6117cd7cc11,awhalesge@japanpost.jp,14.0,178.29,221.92,1,2381
2021-03-03,7bb39293-2cfe-42e2-b32f-0bbf6049a5ea,betheridgeq0@si.edu,,173.41,185.46,1,2381
2021-03-04,2b1d0ebd-9775-476a-a92f-6936a62a43ed,jheusticeb3@sakura.ne.jp,8.0,342.49,647.34,0,4713
2021-03-04,94874cb0-75d3-4348-99e7-b78d5bd3afe4,nomaranw@qq.com,,192.06,84.8,1,2381
2021-03-04,71ed496e-26ec-4746-a8cb-9e6cbac4f584,hnultyqb@plala.or.jp,4.0,605.77,87.73,1,2381
2021-03-04,7f24f9db-8810-4015-91e0-a9a3b4a55bc3,pleworthy5o@networkadvertising.org,,341.35,211.57,1,2381
2021-03-04,c16746bf-bcb6-48dd-8c9b-b47d5841554c,pbreedyp1@nps.gov,,606.96,173.99,1,2381
2021-03-04,c27d0610-9f8e-401c-8dcb-4cf3f5b4d24d,gjanda3t@pagesperso-orange.fr,7.0,105.76,426.95,1,2381
2021-03-04,b9150fb3-2cde-429d-ae53-d23bdde41edb,tthorleyl5@google.ru,11.0,276.36,693.42,1,4713
2021-03-04,f00f1d94-cb0c-4c87-82a7-f99311302ab3,amatthewescg@delicious.com,,165.36,329.09,1,2381
2021-03-04,62fb57dc-3b8d-4351-bf8c-98262180695c,asilcock7x@google.fr,16.0,325.65,475.31,1,2381
2021-03-04,b4599dbd-1d2e-420c-b14b-116c4fc12637,emelia8j@discuz.net,10.0,666.86,598.67,1,2381
2021-03-04,9e8dcd58-1348-4116-b309-ec1b25072152,dhearsond4@google.es,,46.48,768.31,1,4713
2021-03-04,4b91a9a9-8606-464d-a620-ea109d8c1deb,salonsoag@sfgate.com,,936.88,773.63,1,4713
2021-03-05,5c25883a-ef88-4b22-8c50-b1c8e26130b9,rkilmasterhc@bbb.org,4.0,34.16,180.66,1,2381
2021-03-05,b7e3e153-e63c-4574-ab1b-983a3e0e427f,bhairesnape8e@trellian.com,10.0,653.38,413.51,1,2381
2021-03-05,874dbd3b-1954-4d80-95a5-a2b3bcb9fab9,pballinger1o@imgur.com,9.0,270.25,772.56,1,4713
2021-03-05,42e33e07-e7b5-4f66-96a9-e4b162c44df8,jcriplek9@blogs.com,11.0,480.16,719.06,1,4713
2021-03-05,7103c346-eb12-471f-80fe-b0fa51daf893,bfairfoule4@oaic.gov.au,,974.05,557.87,0,2381
2021-03-05,dc708ab6-0a0a-47b6-911e-9c7395bc4d93,sarnoppcr@army.mil,,889.25,400.9,1,2381
2021-03-05,733b56fc-db6e-47df-82c0-788c8487d0c1,akirley5o@canalblog.com,7.0,678.58,678.77,1,4713
2021-03-05,e2cf621b-cac2-4992-8e22-1c52e083fa4e,alemarchanddl@hexun.com,,982.13,737.8,1,4713
2021-03-05,73ae7a23-63f0-419c-b4a4-9b6a2d5b132c,nmccolley3b@studiopress.com,5.0,664.6,214.09,1,2381
2021-03-05,348ce306-2b7d-432d-b5f4-0cb2f697b227,ahampsond2@slideshare.net,5.0,658.32,425.09,1,2381
2021-03-05,8d9efe2d-c547-4d79-8340-47d7ab002daf,bharmonl2@imdb.com,,298.82,291.21,1,2381
2021-03-05,87b969ed-c28e-43ce-ac83-6f9d21f4cf58,mmenatom@seesaa.net,,632.79,125.54,1,2381
2021-03-05,1ea726be-819d-4aa7-b668-e90ae108c8de,pmerrill9z@wikimedia.org,4.0,69.45,504.1,1,2381
2021-03-05,36cc3ada-ed3c-42b7-9fff-a0506882b453,ablackhamly@bandcamp.com,6.0,351.13,44.57,1,2381
2021-03-06,08ae4ff4-8e0d-48f4-8916-cada935b0cf4,htackettqh@baidu.com,1.0,421.82,16.15,1,2381
2021-03-06,80e1b763-516e-4f1f-b8da-f9ef1d39a89c,wastillkd@theatlantic.com,4.0,403.68,34.43,1,2381
2021-03-06,58f0128b-5cf3-4c41-9df5-54171c37d0ae,ivalerogb@virginia.edu,,352.41,721.85,1,4713
2021-03-06,77f220ca-d4a1-4e42-a8fe-465b9f73d35b,snetherclift9h@army.mil,8.0,688.46,640.83,1,4713
2021-03-06,48e47b4c-16b5-4051-a4ff-88149d6d6711,bmuffittis@apple.com,,332.96,442.76,1,2381
2021-03-06,3d999a0f-69d3-4218-baaf-173fb9738730,ufirkscl@jugem.jp,7.0,484.9,744.41,1,4713
2021-03-06,49bebfa7-197e-4a04-8b48-c4dc80835c42,sashpolemi@bandcamp.com,12.0,822.06,442.01,1,2381
2021-03-06,bde52ba5-ac69-4d69-bb24-3cb825bbf3cc,csoppethlm@infoseek.co.jp,12.0,785.78,748.16,1,4713
2021-03-07,b75d4fc5-9531-437e-a9c1-f719c2c00e97,esager21@baidu.com,,377.76,408.43,1,2381
2021-03-07,a94e3cf8-86fe-461a-a3f3-2f5398cade91,tselborneqj@nifty.com,,605.51,430.45,1,2381
2021-03-07,e45b7b1a-08b9-497f-9a2e-d13098da6002,jponderrn@livejournal.com,11.0,999.41,273.2,1,2381
2021-03-07,cdd1b2c0-298c-4367-af2d-41f6f310f764,eduddyar@themeforest.net,,988.5,210.44,1,2381
2021-03-07,479bb24f-2aa1-4617-ac03-3d48aa478e61,mkerfoot3@vinaora.com,4.0,403.26,174.51,1,2381
2021-03-07,c752726e-1bd5-452f-826c-6a765e3f4d03,rtunnockmv@webmd.com,11.0,45.08,756.47,1,4713
2021-03-07,deb3c0ea-ccc1-4c23-b540-d7cba6cb2653,whubbocks8u@washingtonpost.com,,351.26,247.18,1,2381
2021-03-07,641a2ec8-87d3-4a81-aaaa-6a3fe4fec7a4,emethringhamih@ezinearticles.com,4.0,750.84,728.29,1,4713
2021-03-07,d03f09fc-26d1-44f7-9f9c-4b723d5cf545,orulteno3@squarespace.com,2.0,982.35,290.17,0,2381
2021-03-07,dcb78193-7b12-483c-8939-f51efb623793,tweldin@buzzfeed.com,13.0,700.72,36.23,1,2381
2021-03-07,4e240535-c497-46bb-9947-c2998568e70f,abrugemann3d@fda.gov,,262.61,150.65,1,2381
2021-03-08,02628b16-5c3c-44a4-b4c7-f7d65691cc74,lmoraleslx@fotki.com,,754.97,388.43,0,2381
2021-03-08,8ef923b2-72c2-40ca-8ea9-f5075c46eb5a,acaddan4u@delicious.com,,885.46,197.64,1,2381
2021-03-08,c4e5fed0-f5f7-4d1f-9072-a87f4aac2d18,jaleevy8i@wisc.edu,17.0,380.29,451.02,1,2381
2021-03-08,7e94dcdf-9a69-4254-9224-cec06f28b64f,dshingles2k@yellowbook.com,,33.64,542.85,1,2381
2021-03-08,189cc7e4-c1ac-486b-8361-c55675cbef06,ekilrow90@whitehouse.gov,2.0,435.1,451.67,1,2381
2021-03-08,574233ef-6c62-4808-a30a-92563c43c9e2,jhaslino3@jugem.jp,2.0,625.37,212.15,1,2381
2021-03-08,ad92f390-d330-4798-a5b8-56bb4c525346,kfrancesconipt@skype.com,,984.38,546.58,1,2381
2021-03-08,d5c5998d-aba5-4d1a-a27b-c1258b764404,cmunehay7s@theglobeandmail.com,11.0,661.88,456.75,1,2381
2021-03-08,8efa6a6c-0c3c-42a2-b867-64eb0a63b2d5,sorganbp@ustream.tv,6.0,557.75,758.47,1,4713
2021-03-08,b715c4a9-2dbc-41ee-bafb-fb06ab65a206,rsommerao@newsvine.com,6.0,468.84,593.82,1,2381
2021-03-08,137fd457-1f2b-4d93-97cc-1b8cc5776407,sjakubowskync@slate.com,,799.03,753.17,1,4713
2021-03-08,5b81a917-9162-4734-9f05-fc9cc51ffa7f,femeney3v@360.cn,8.0,654.35,300.09,1,2381
2021-03-08,880ecf07-cf2f-4e21-ba6d-3659bd56ea96,trove8s@purevolume.com,7.0,253.32,681.65,1,4713
2021-03-08,9840e855-8d11-4e17-808b-3d6b5080da0e,vludwell2z@bbb.org,,642.6,129.69,1,2381
2021-03-08,215c605c-781a-497e-a0f6-c0fde39eb2a6,anareyj5@umich.edu,5.0,719.03,418.21,1,2381
2021-03-08,7f01afbc-5489-4f0c-bebd-a3677f7cb621,tdimatteocd@google.cn,7.0,76.08,697.92,1,4713
2021-03-08,93c7b749-7c78-42fd-bf76-2901e1b76c75,kseeborneov@narod.ru,10.0,823.22,545.29,1,2381
2021-03-08,3cbe8aa2-bde1-4ab5-9bba-118db102249c,jpughee2@typepad.com,5.0,168.3,689.59,1,4713
2021-03-08,82c361de-80c1-4eb9-bb38-eeee502109cf,achittendenj6@noaa.gov,,713.68,707.61,1,4713
2021-03-08,f5dca8fc-1b1b-428f-8ff0-77bcdcf14f3f,osuffeg5@google.pl,2.0,515.46,126.33,1,2381
2021-03-09,b0a47ce3-089e-4ad2-bb7a-6e3993232904,cblint5t@merriam-webster.com,7.0,313.59,451.86,1,2381
2021-03-09,664bb930-01e4-4281-83e9-e230db58371b,mcockshutg5@123-reg.co.uk,,987.74,131.58,1,2381
2021-03-09,bf11f904-0fc7-4b07-a6e4-356dae0b57e5,editzel3y@symantec.com,,341.06,86.02,1,2381
2021-03-09,4a6ba271-5162-46f1-87ab-e1879e820534,mwynett4n@ovh.net,14.0,713.11,166.08,1,2381
2021-03-09,a0c82578-9ae7-4f13-b043-7675f99deb05,dsteane1r@aol.com,11.0,296.58,178.23,1,2381
2021-03-09,37d330de-9ef4-46e1-ac6f-41afc070de78,psiderfin8r@stumbleupon.com,,504.06,46.77,1,2381
2021-03-09,a5d6a7f6-0f5c-4bfa-984d-936de79a799b,cmatuszakex@devhub.com,6.0,730.83,434.64,1,2381
2021-03-09,7ea17448-82a5-4157-83d2-57a37cb542bb,jbrosoli4i@gravatar.com,11.0,349.46,164.09,1,2381
2021-03-09,54530f55-4980-4349-82a8-0052da628989,tpicklessac@npr.org,,208.01,398.17,1,2381
2021-03-09,83a8c877-6a9c-455c-8b91-51e04cca6de3,eosbaldestonpi@vimeo.com,,490.82,29.47,1,2381
2021-03-09,68dac990-3ef9-45e4-8f80-127983fecebf,bgladdolphos@dot.gov,4.0,563.67,342.6,1,2381
2021-03-09,eed384f7-45b8-4227-97ca-ebae03abbf99,lconiam1f@1688.com,,302.45,658.79,1,4713
2021-03-09,d046d515-9e63-47b2-ab49-3451ba6ff7db,tivanenkopg@columbia.edu,,974.71,219.65,1,2381
2021-03-09,3cce8fd3-fe8c-407f-93e6-c367af37a991,mdewdenyad@cbslocal.com,,333.56,263.43,1,2381
2021-03-09,9e9ce69a-8f8c-41e2-b943-75e38167e3bc,ygriffittsb5@sciencedaily.com,,110.16,525.2,1,2381
2021-03-09,1076ab01-892a-4b2f-ace1-e36d0f760afc,kryley2m@github.com,,130.72,673.62,1,4713
2021-03-09,188ce283-fda6-4e6e-8b4e-7698e724602f,shamalo9@discovery.com,1.0,785.56,108.3,1,2381
2021-03-09,03dbabbc-6dd2-45ea-b001-a87e30f77c96,lpoag5x@ox.ac.uk,,714.68,181.91,1,2381
2021-03-10,b318cb2a-919b-4b7a-8e79-732a8717b2a6,cagerd3@hugedomains.com,13.0,874.72,327.64,1,2381
2021-03-10,a8786408-861b-49b0-9440-fc6c7699fd77,mcowle8c@meetup.com,8.0,805.33,508.51,1,2381
2021-03-10,7f3cc498-00ec-412d-b88f-bc70451bc8c4,esunnucks95@msu.edu,13.0,393.17,404.5,1,2381
2021-03-10,b9c44038-9400-423d-bc69-85630391ac7b,nebertze7@xrea.com,,984.93,123.1,1,2381
2021-03-10,614b4dc2-295e-4aa1-b1c2-c2d517532e90,emellmerjh@simplemachines.org,10.0,628.74,98.98,1,2381
2021-03-10,5bb90dec-1082-45f2-92b1-7b919191e15b,emilthorpe9f@youku.com,,935.9,106.02,0,2381
2021-03-10,f913a394-a99b-41bc-8c8e-4a316efc835a,dclevelandfl@google.com.hk,,653.43,618.45,1,4713
2021-03-10,8629b9ff-6cb9-4982-a8dd-ba465c543303,mmcairt2r@stanford.edu,17.0,110.27,237.22,1,2381
2021-03-10,39f71f66-aed1-49c8-916a-163c464673e8,ndennefk@cisco.com,,351.03,446.41,1,2381
2021-03-10,d96e6c98-c3cf-4279-a518-e5a598af515e,kseeksao@bloglines.com,3.0,64.12,444.84,1,2381
2021-03-10,d65518b1-9013-42ab-a247-241923f63e3c,jswiffinj3@instagram.com,7.0,808.19,263.85,1,2381
2021-03-10,c1924f3a-859a-4ad0-b32b-3343001cccfd,audalljw@woothemes.com,7.0,927.41,580.56,1,2381
2021-03-10,f86bd127-6a89-4161-8d97-2ea00d519e4f,jredley2m@time.com,,926.91,148.49,1,2381
2021-03-10,72107932-2bf5-4ac6-bb7b-da14511cc7f4,emaslennt@bigcartel.com,,788.2,538.57,1,2381
2021-03-10,0953970a-9a9d-4077-90fd-81ce5b1759ea,imoter4@usgs.gov,,66.7,759.99,1,4713
2021-03-10,876130f8-0840-485f-b5de-d5d421479a6e,pmorenai2@nydailynews.com,6.0,714.23,474.06,0,2381
2021-03-11,c92d3f36-4c3c-407e-ae0b-7adb9d7de61b,jhabbinqn@fotki.com,8.0,425.02,540.07,1,2381
2021-03-11,d4d7e74f-5c86-484a-b40e-e35f054f582e,mcastagnei3@opensource.org,5.0,926.22,516.33,1,2381
2021-03-11,9a5dbd7e-9005-40b9-970a-a26d7f149047,cvindenaj@tinyurl.com,,226.13,131.24,1,2381
2021-03-11,99783e82-3a80-49b9-8b3d-50365ab829a2,crobeled@scribd.com,,535.71,412.49,1,2381
2021-03-11,b1eaf71e-42cf-4806-b444-9db845c8f770,mwason8j@privacy.gov.au,,545.84,657.31,0,4713
2021-03-11,a98cf91a-fc0c-4a0b-be12-30d0c0c0ad29,glaskeypt@wordpress.com,,449.38,312.6,1,2381
2021-03-11,d2b59d43-73b9-4923-9a6b-146628fc190d,awaumsleyqt@techcrunch.com,8.0,846.54,295.01,0,2381
2021-03-11,d37d3dbc-7e33-4938-b3da-f86508d6a043,abarratd7@ehow.com,11.0,387.73,187.04,0,2381
2021-03-11,308735b8-21ff-4f3f-8232-dcf67f64a18f,bhadeke93@ustream.tv,,800.08,339.33,0,2381
2021-03-11,38376917-3639-4b94-a74b-3b75756f486c,dprandyoe@mail.ru,2.0,538.04,19.2,1,2381
2021-03-11,38f56729-b944-466a-8044-d3d146b6a989,asevinv@google.co.jp,7.0,513.24,469.12,1,2381
2021-03-12,fbeddbd9-018b-47f7-9ca7-09d070c7d860,jrother11@google.co.uk,6.0,374.76,32.84,1,2381
2021-03-12,e600a0da-e2e6-4fb9-8263-99e733e820b2,mbenthamkg@usda.gov,11.0,483.7,568.4,1,2381
2021-03-12,81bdeac6-4ebf-416a-b91f-4e9648c32fe1,mpelferbv@jigsy.com,,398.43,322.3,1,2381
2021-03-12,b17d49a0-61ad-41aa-b0ca-7bdced8e278e,adimmerln@1688.com,11.0,833.22,255.37,1,2381
2021-03-12,7fb12fd1-afc9-4b87-aee6-b642a4077b88,kjobke51@nasa.gov,2.0,532.15,352.95,1,2381
2021-03-12,33b2734f-be23-4b32-b4cb-90cf4bae440d,treinerd@canalblog.com,12.0,474.51,751.99,1,4713
2021-03-12,f48f43e3-ef31-495b-972d-97727004a9b6,owapplingtonn7@irs.gov,11.0,47.85,412.74,1,2381
2021-03-12,905a18f8-fed2-4bfd-8403-b61cf8c37907,vhamnetcv@hao123.com,4.0,332.77,480.32,1,2381
2021-03-12,fc318049-ac14-48fe-aefa-3d47ad37602e,gkaasev@slashdot.org,13.0,497.03,139.47,1,2381
2021-03-12,de9b2d9d-16c0-4120-b934-72ba405ef473,mjaze48@macromedia.com,5.0,907.49,31.45,1,2381
2021-03-12,fe0eec61-0cd0-4541-adba-6f694755a7a8,ksoldiqe@boston.com,,560.94,460.36,1,2381
2021-03-12,387e33ca-6cff-4701-b5e9-be5270447594,idownerjw@hexun.com,13.0,413.1,482.71,1,2381
2021-03-12,0111cf9c-8d44-452f-9dbf-68edcb41b76c,dcursey3p@infoseek.co.jp,3.0,787.76,237.18,1,2381
2021-03-12,93494d06-0cb5-4142-a113-a7abba801a78,smillgatejj@twitter.com,,588.8,188.75,0,2381
2021-03-12,789bc1e2-1891-454d-b62c-da0dcd4ebfb9,mcarnoghandh@sourceforge.net,8.0,322.93,589.9,1,2381
2021-03-13,6b7d5cf8-dab8-4bda-a225-927145f5dfbb,bfeechum35@moonfruit.com,6.0,676.07,525.94,1,2381
2021-03-13,abcce0e1-c98b-44ab-a1a4-717d1a037144,gshirrelld2@w3.org,1.0,793.27,98.78,0,2381
2021-03-13,98282839-11e5-4315-91e5-85c57d414136,pmacdonell4r@nasa.gov,10.0,914.44,263.62,1,2381
2021-03-13,29c99403-e6a6-4c71-8e42-cd198b9d04be,fmuzzollogs@mit.edu,,932.77,52.68,1,2381
2021-03-13,993f70af-1327-4e58-b6ac-c60075ae3181,vdunnang6@tinyurl.com,,211.24,730.28,1,4713
2021-03-13,1c2a787a-0243-4dad-86bc-e0023b240b16,fokanea6@mozilla.org,17.0,775.7,547.7,1,2381
2021-03-13,06985a8a-b1f5-4b14-809f-8c83c9299193,kpietsmac0@last.fm,11.0,784.58,444.63,1,2381
2021-03-13,d4fa9cf9-126f-4528-9fb3-4178661739c2,lnelesd@telegraph.co.uk,,197.99,184.24,1,2381
2021-03-13,99ee65ba-e250-4467-b849-4eab1ce4c187,ojoscelyneol@army.mil,14.0,299.83,247.23,1,2381
2021-03-13,19cc4b1f-90c1-43f4-8463-d778967787e9,vhawkswellr2@google.ca,14.0,287.75,528.82,1,2381
2021-03-13,112c2cf7-0c8f-4337-bf5a-821e2935a1de,csent6i@nytimes.com,,620.08,417.41,1,2381
2021-03-14,11aaa478-9acb-43f9-8a5b-2fd3b5b5f7b1,icoppinsew@histats.com,,765.65,368.64,1,2381
2021-03-14,6de54393-196e-4030-8d62-5721282cbfa0,jronchkafx@themeforest.net,5.0,324.8,699.41,1,4713
2021-03-14,aa4a586b-e689-47fd-9ce5-245466d14c95,kblaskettn3@woothemes.com,5.0,372.18,294.98,1,2381
2021-03-14,c8b40f3d-09f9-4b3b-b0f6-d4f606fb420a,ahowellskp@forbes.com,,41.26,517.18,1,2381
2021-03-14,74c8c9a7-8458-4d04-b08e-56ebefb79e34,mtrownsonpu@networksolutions.com,,672.08,584.34,1,2381
2021-03-14,2ec16531-b944-492b-b456-c3b08949dd6d,acohanri@state.gov,,722.87,747.34,1,4713
2021-03-14,9f496a25-24b0-4011-abb6-44107d2e7ac4,mgrayshanay@biglobe.ne.jp,,339.3,733.98,1,4713
2021-03-14,adea81d6-9739-4a8c-adf7-a6a6f67d5411,sblyth43@bbc.co.uk,4.0,644.15,775.03,1,4713
2021-03-14,7949a7d1-478a-4627-b153-6890fb66c3d7,aloaldayit@usgs.gov,,309.42,524.79,1,2381
2021-03-14,8abcbb87-1267-47f6-90f7-cea6ca39a90b,tcody8i@tinypic.com,11.0,996.33,582.96,1,2381
2021-03-15,69d8b9ef-7d97-46ba-9ffe-2b9f47a3dc91,nbutsonnj@timesonline.co.uk,5.0,262.85,697.63,1,4713
2021-03-15,284b6098-9db5-4f1e-b5d9-4e855d6938fe,tmckniely2p@deliciousdays.com,,317.89,727.79,1,4713
2021-03-15,05b711d7-47f1-4e6e-89ce-4b0f33ff4425,ebraven5n@cbsnews.com,6.0,978.59,550.44,1,2381
2021-03-15,4a540193-86d7-419d-b566-fd82294a2fc5,tpattyq0@infoseek.co.jp,12.0,78.7,529.16,1,2381
2021-03-15,42ba28ea-1e81-495b-8c7f-b4864b2744d7,pharsesi9@sphinn.com,,78.88,223.3,1,2381
2021-03-15,17081706-e4e2-430c-9733-6cfc1c6e7615,kpoundb2@ted.com,7.0,272.1,687.48,1,4713
2021-03-15,3afccc17-c777-48c9-ab52-aa432e83f54f,hblackburnqs@aboutads.info,15.0,766.88,683.0,1,4713
2021-03-15,af44eab0-b428-49ba-afb0-da77cf6c7765,rraybouldob@vinaora.com,3.0,546.47,767.79,0,4713
2021-03-15,6da362c4-91a1-459c-b207-fd46035fa8a5,aemberym3@weibo.com,,797.87,458.06,1,2381
2021-03-15,2eb82c20-a85e-4dfa-927d-769045b855fc,blupartogg@globo.com,12.0,426.85,116.79,1,2381
2021-03-15,c8ae8720-0fc2-4dda-b0f6-c69d29769025,ahellekerfr@instagram.com,9.0,127.54,576.54,1,2381
2021-03-16,fe4c4b66-66ae-4942-a588-1720b87cd87a,flyddiatthk@wufoo.com,,786.72,511.26,1,2381
2021-03-16,ae425eff-0992-45cd-9afb-d2e351c59298,lspataro3y@amazon.co.jp,10.0,675.54,193.53,1,2381
2021-03-16,ed9254d6-e67c-4747-8dc1-52d12baeb642,aesson2a@linkedin.com,,332.66,228.85,1,2381
2021-03-16,7a32d8e0-2547-48f3-8ced-d8198beecf22,hgreenleaf49@wikia.com,,386.11,198.88,1,2381
2021-03-16,ba89aa23-9d98-480b-85bd-7b721b90ab2f,djinda2g@nsw.gov.au,7.0,494.17,753.6,1,4713
2021-03-16,0b7235e8-51cf-4464-86da-657e6a756099,bbravec@washingtonpost.com,3.0,65.72,654.67,1,4713
2021-03-16,362c5326-0f7a-40e8-98e0-74e8fe0691ce,thandsn9@princeton.edu,,157.49,422.11,1,2381
2021-03-16,ee7349aa-cf1c-4d03-aa58-063569191847,bshinglermp@amazon.co.jp,12.0,849.22,445.95,1,2381
2021-03-16,1e2f993a-b714-446b-bc7f-738def0b6851,lscarlin1u@walmart.com,,38.17,44.52,1,2381
2021-03-16,7147c86c-2015-4d3f-9d31-574baee04a2b,memlinlm@smh.com.au,,235.77,443.28,1,2381
2021-03-16,a625232c-3b03-49fd-bc45-5a5ca3a7cb72,otutept@google.de,,78.14,538.76,1,2381
2021-03-16,20515dd5-328d-45bd-86ba-761731b670f2,rbissilln2@tinyurl.com,,979.11,157.21,1,2381
2021-03-16,afe8af26-1394-409f-962d-031ea3bd8392,tklimentovd4@wunderground.com,7.0,285.23,713.56,1,4713
2021-03-16,11d9f79e-7984-4808-af52-e57b806eb833,rgilbyq8@craigslist.org,2.0,318.19,507.1,1,2381
2021-03-17,6dc82286-bfc2-4e7e-8672-926435fc5551,ctraynor9n@aol.com,,55.59,374.7,1,2381
2021-03-17,b1ecb5e5-040e-48f0-ad65-d168ec69b401,cgittins50@hhs.gov,7.0,890.28,647.65,1,4713
2021-03-17,7bf3c973-39cb-405a-ab45-7412bf41e9fa,jclampettgu@utexas.edu,,798.2,542.85,1,2381
2021-03-17,7d161113-f04e-4220-b40d-a29ee939da56,bleaming92@livejournal.com,,971.77,344.99,0,2381
2021-03-17,dbf1cc47-2015-40b6-a029-91ea4f689c14,gshevlinci@deliciousdays.com,9.0,757.19,87.09,1,2381
2021-03-17,b7b43a45-21b8-4e5e-9247-be6cbb881fa0,abingleo5@weather.com,6.0,958.64,661.77,1,4713
2021-03-17,bbda9249-e3e4-47fe-bdbc-0dbc9c360c5d,korrahrp@google.ca,10.0,106.34,498.19,1,2381
2021-03-17,4ae7a335-08d8-4109-a9ee-590fca24c67c,mphilpotm@example.com,,733.49,582.54,1,2381
2021-03-17,129654a9-b367-465d-812b-be1ed8c80a90,pcarneycn@alibaba.com,,606.9,415.28,1,2381
2021-03-17,6ec4788c-9aec-4c51-a6e5-ca18129265c4,kblundelb3@nps.gov,9.0,715.79,651.88,1,4713
2021-03-17,f6422fd5-d8da-4d43-a3d0-7d1eff983459,wdoidgedt@java.com,,171.46,412.85,1,2381
2021-03-17,4c691c0e-5344-4daa-91c8-17180c738920,rmurriganspp@macromedia.com,5.0,656.59,211.9,1,2381
2021-03-17,dbab8012-4ed3-482e-afe5-6a5483b7d596,jironsa8@stanford.edu,4.0,975.41,150.71,1,2381
2021-03-17,a2273875-8d4b-4c2a-ba4b-221bc8951885,deitterfx@discuz.net,9.0,53.65,362.88,1,2381
2021-03-18,f603f9f8-a88c-4dfa-8bb0-a8928690813a,cmalleyfr@jugem.jp,,899.29,312.56,1,2381
2021-03-18,5957c31a-1385-45f2-8acc-34c0c9b87ce7,barguile4p@businesswire.com,5.0,862.41,657.99,1,4713
2021-03-18,7fd2a0ce-9bff-480a-ae6c-b90c3a5ccc80,bbustonba@vistaprint.com,6.0,886.15,58.0,0,2381
2021-03-18,0ff002de-33e0-4fa6-8db1-55905dea0fca,hseekinger@drupal.org,3.0,535.28,647.29,1,4713
2021-03-18,b4b64bbe-0789-4754-bc6a-cd0a715062c8,paddisoo@usatoday.com,,132.57,343.94,1,2381
2021-03-18,d248d1c2-b39d-4338-80b3-ec48f6c33914,bveltenmg@rambler.ru,,35.59,690.75,1,4713
2021-03-18,1bca9c45-59ab-4d3d-8ec5-035d8c802f0c,veslemont17@istockphoto.com,7.0,807.0,320.47,1,2381
2021-03-18,9e3ce4b3-e07e-4a97-a4a7-e987ffe6b6e0,araittjp@dot.gov,11.0,39.97,669.22,1,4713
2021-03-18,27bdf6af-a508-4a27-97ba-e6ca69113b7e,clamanbyh2@seesaa.net,,138.23,336.75,1,2381
2021-03-18,d668e607-fd2d-42be-833f-13602296c378,mdufourp9@google.ru,,391.05,168.46,1,2381
2021-03-18,2b3f3ac8-ee1e-46b8-88ec-85fb6bc53617,kruskin6j@bravesites.com,4.0,933.22,116.13,1,2381
2021-03-18,c9ab85eb-6fc6-4ff7-93fb-079b499c0f20,kivakhnovni@bigcartel.com,,860.05,231.23,1,2381
2021-03-18,e92ac364-d64b-436d-8c07-56d49a6be9e1,mlhommeedo@google.co.jp,8.0,828.42,16.72,1,2381
2021-03-19,d52f87d5-7604-4cfd-9e05-83b70301efe5,efilewoodn0@columbia.edu,,985.59,536.41,1,2381
2021-03-19,42680be8-4281-4479-a6f8-97342de2b33f,asmedmore7h@123-reg.co.uk,3.0,487.09,93.9,1,2381
2021-03-19,1f31d881-dfaa-48ed-82fd-5d9157b30251,bbellewpz@angelfire.com,,464.91,775.68,1,4713
2021-03-19,4b721191-1a42-4344-adb4-ed87d8fab11b,rbardsley3o@freewebs.com,,598.28,446.5,1,2381
2021-03-19,fa4dbf68-6bf5-4f91-a75e-5fe069e0d174,fbelli23@apple.com,,124.8,500.6,0,2381
2021-03-19,1e529db3-3510-4ec0-8002-c5de0b020cb0,imatczak8w@admin.ch,,556.31,676.64,1,4713
2021-03-19,096a292b-277c-475f-a3b7-13ce25dddd23,dblazdellc9@mtv.com,,660.36,41.01,1,2381
2021-03-19,a86cfa0b-6de6-42ee-8fc8-1716a7ace84e,spedroli2m@cafepress.com,6.0,809.76,291.66,1,2381
2021-03-19,9cfb60da-611d-4f68-b72c-3d1207ce2183,rprophetee@amazon.co.jp,,418.88,373.3,1,2381
2021-03-19,80f8f103-7544-424a-a448-69c3353f3ba4,dpembridgegb@ovh.net,10.0,503.87,755.61,1,4713
2021-03-19,7c1de09c-8ac2-4d9f-be5a-7792805d5fda,ocreiganga@liveinternet.ru,4.0,74.6,647.49,0,4713
2021-03-19,d79acd91-4e13-4221-a604-da64ce2a0cf4,godaly55@state.gov,11.0,865.79,503.82,1,2381
2021-03-19,c5edfd0d-b9d4-429e-99c1-888b4987826f,gdempseygu@slideshare.net,,976.68,312.04,1,2381
2021-03-19,571b40bb-c61a-4470-900d-76074e94803b,pharrington1v@businesswire.com,1.0,441.07,605.89,1,2381
2021-03-19,07ff1168-fd86-4f12-887c-f86f063dfaaf,tgehrtsdx@123-reg.co.uk,,173.16,766.13,1,4713
2021-03-19,0ea63cd9-1407-4085-baef-30cf0a6dcfac,akertessf0@hubpages.com,7.0,337.63,781.82,1,4713
2021-03-19,6f7c723c-9fb0-48b6-a70e-a44c28c3db04,hhoffmann7@nps.gov,6.0,485.39,40.06,1,2381
2021-03-19,69d8a4fc-725c-47a3-8e17-dcca0728a809,jduckittnt@ca.gov,10.0,526.74,501.69,1,2381
2021-03-19,e7395191-e62e-406a-b96e-b9ea243f443e,lkibbeyf5@webs.com,13.0,500.85,122.92,1,2381
2021-03-19,3b47dcfd-4d33-42eb-9c31-bbb6f0226245,cbruckshawlh@mayoclinic.com,5.0,880.99,598.0,1,2381
2021-03-20,fe777c60-03f4-4331-98cb-5461043d8bf4,pworledgept@amazon.com,9.0,355.33,346.54,1,2381
2021-03-20,42ebedc9-d399-43dd-941f-3fb98048d246,tgrafton2a@dion.ne.jp,,740.08,154.29,0,2381
2021-03-20,77f2da91-ca0c-40ed-b90b-ff2a56e47e5f,hgregolpq@g.co,5.0,553.75,187.36,1,2381
2021-03-20,a2873d01-5db8-47be-8738-f8dcdeecdbd6,hchoker7@elegantthemes.com,6.0,454.39,134.99,1,2381
2021-03-20,6c935f70-cc8c-46ba-90be-27ee895cee9d,svernini@state.gov,8.0,731.53,407.59,1,2381
2021-03-20,92a15547-78fb-4f9a-8589-b449052694b5,edigleft@delicious.com,,95.09,34.93,1,2381
2021-03-20,94924436-633b-4a82-bcc7-6bb149679940,bkirvincj@mayoclinic.com,2.0,330.28,700.24,1,4713
2021-03-20,3a4ed187-a5ec-49d1-bec3-d99f40e8c4d2,bbengaljv@weebly.com,9.0,632.01,764.18,1,4713
2021-03-20,b93aa186-b2ca-4d61-977f-68844700d4d2,ghamly5k@bbc.co.uk,,320.32,469.21,1,2381
2021-03-20,63701e0a-801b-4407-ad1c-9f3a4b6cf730,nconfort11@photobucket.com,10.0,235.64,750.56,1,4713
2021-03-20,5e419e22-92a2-41ab-ab5c-230b68e58acf,schatwin3k@rediff.com,12.0,359.37,177.33,1,2381
2021-03-20,16585a8b-40b9-45ec-ab69-86062360fea3,imcgirrdl@is.gd,8.0,801.32,236.17,1,2381
2021-03-20,94424ee4-8cf2-4f38-97ca-f6320c5322b3,jmaybeyjn@yellowpages.com,,639.4,325.95,0,2381
2021-03-20,a9f50726-3f62-4a38-8174-5edcafd41e8f,nkopfpq@prnewswire.com,7.0,567.24,397.38,1,2381
2021-03-20,882c8a74-e95a-4bf6-810b-6e650ccacfba,slivezley16@hud.gov,,849.58,108.86,1,2381
2021-03-20,5b54549a-6838-49fd-9e5d-02e9b976f87d,rkuhlmeyr9@hp.com,13.0,751.64,734.11,1,4713
2021-03-21,ff91d375-5dd0-4b97-8762-4a662da8cedb,mservantqu@quantcast.com,,634.15,530.68,1,2381
2021-03-21,b2cf022b-ab98-419d-a917-219a2628799d,dpatterson8m@ask.com,,144.45,594.25,0,2381
2021-03-21,0c101e62-45ee-4b41-9a2e-caa414b86696,ewhitcombe3g@purevolume.com,9.0,408.38,374.33,0,2381
2021-03-21,249b3a30-a4e2-4e3d-9165-e96780327fba,aderoeckpd@upenn.edu,,910.05,396.11,1,2381
2021-03-21,f44ee8d0-5f54-4c07-ba95-5e4cc12d1be8,ngillingwater4j@instagram.com,9.0,966.48,462.26,1,2381
2021-03-21,8a41b034-d5e6-4f43-afe4-f2f27ef330ec,lleandern0@netscape.com,5.0,839.37,183.83,1,2381
2021-03-21,da9a152f-1104-4ea3-ae60-797ab53cf904,kfrosch46@washingtonpost.com,6.0,59.38,409.3,1,2381
2021-03-21,7e8cc83f-c7fb-4d62-ad3a-9bd97b294497,ebracchi1c@google.co.uk,2.0,421.49,90.73,1,2381
2021-03-21,3517dd51-5983-418a-8d07-9c04df1a9eb5,pcookeo@creativecommons.org,,502.11,661.42,1,4713
2021-03-21,186d4e03-687d-42bb-839d-f4a5f00ad9b5,ocamilleri8m@freewebs.com,5.0,773.11,505.17,1,2381
2021-03-21,ff173cc3-8dd0-4607-9c51-3aa18fe5abf9,keasterlingk8@bluehost.com,5.0,478.3,545.64,1,2381
2021-03-21,d1fd8dd3-6715-4cae-a0cf-5a5546622350,fpeterffyl3@discuz.net,1.0,409.06,674.54,1,4713
2021-03-21,b5b7cdae-1b7d-445c-a8bf-f2028caaba80,mwaliszekbc@hibu.com,4.0,644.51,261.1,1,2381
2021-03-21,4056c9c7-12fe-49a3-a62f-1d667c77e842,cstandeven64@samsung.com,,191.11,752.15,1,4713
2021-03-21,730a9447-372e-40ff-9550-86b6884ce54a,eblanchflowera@mapquest.com,2.0,770.73,273.57,1,2381
2021-03-21,1ce2cf5d-929e-4c06-b593-15aaefef85ca,kpoytres42@vkontakte.ru,5.0,336.29,267.34,1,2381
2021-03-22,6d810c1d-b1d3-4db3-89bf-37d4ea6f26e1,pnorreecv@simplemachines.org,,372.24,95.41,1,2381
2021-03-22,f381778b-6f33-46ae-855d-856f2a8877a2,goddyem@xinhuanet.com,,863.59,247.49,0,2381
2021-03-22,b878f76a-f659-41f4-baa1-41b2c2da1b80,cbearblockfx@e-recht24.de,,982.74,220.78,1,2381
2021-03-22,8998c49a-59e1-4a9e-8a5a-f25fe6611537,clawille5g@theatlantic.com,7.0,752.33,46.33,1,2381
2021-03-22,e993a6b7-f393-4cdd-9d40-0397908bf3c0,emarnsct@tmall.com,,125.02,369.54,1,2381
2021-03-22,ea0b2977-1454-4300-9a3f-5b687ca471c7,njankovsky4g@studiopress.com,7.0,215.57,196.02,1,2381
2021-03-22,322895d8-78fd-455f-aee8-cf7f18aa0375,sbriggjn@indiatimes.com,8.0,471.27,250.23,0,2381
2021-03-22,dc71049c-07e9-481e-9629-e1bf23440473,dmooneygz@stumbleupon.com,,719.09,136.41,1,2381
2021-03-22,9565166d-4d5f-4038-a01c-eeff01d206f9,elillecropkt@mayoclinic.com,,676.38,739.84,1,4713
2021-03-22,2f9b6ae1-ee94-4b27-be10-ab16210cba41,kklemencicr9@fda.gov,,95.11,286.27,1,2381
2021-03-22,a1a7311f-dc8f-40b7-9556-2f5340b2dcce,stunderd1@pagesperso-orange.fr,,398.59,396.68,1,2381
2021-03-23,c1cc89f7-bb63-4787-b200-d6978212d1a6,mmerwe2a@icio.us,,835.94,208.58,1,2381
2021-03-23,cd530c18-8d21-47f9-b35f-0a492b16f371,dwinsbury52@ameblo.jp,,794.04,485.7,1,2381
2021-03-23,e389e457-b5df-404d-9981-a961bf85eaf1,rsimmonsg9@people.com.cn,7.0,328.55,717.94,1,4713
2021-03-23,95ed15a7-cdd4-441f-b803-9e8322120061,cdoubravad8@posterous.com,,785.53,228.14,1,2381
2021-03-23,f9874984-fcdc-468b-8899-a021afc729d7,edourinh9@drupal.org,11.0,365.14,196.19,1,2381
2021-03-23,1278e456-0873-4ae5-94b0-25b2684b98f9,srance2q@businesswire.com,,915.93,286.07,1,2381
2021-03-23,bf642367-5a26-4135-8e53-efde7b911b9e,jmanssuerp@netlog.com,,772.99,93.09,1,2381
2021-03-23,ee264b0b-f54d-4f9c-bb54-05e08506222f,rstrathmanib@rakuten.co.jp,,342.37,520.86,1,2381
2021-03-23,0d962773-9c32-40f3-85b4-07fb3815cfa4,cabrahams29@nba.com,10.0,457.27,106.54,1,2381
2021-03-23,6c62aedf-bf17-45a4-baa9-44151c87cc9a,vdagwellp4@amazon.de,4.0,442.21,577.56,0,2381
2021-03-23,5494f0b8-357e-4b2f-8ee2-f208c56262a5,srivala3@nsw.gov.au,15.0,157.5,584.36,1,2381
2021-03-23,2934f535-6fb0-48cd-8ccd-442492f5a763,lpalffy6m@weather.com,,678.13,726.18,1,4713
2021-03-23,3069b99b-9077-46bd-a7a8-dbee76028497,smcgerraghtyhy@a8.net,10.0,251.51,253.99,1,2381
2021-03-23,d39a168e-6d90-4b2d-9c69-ca167206b717,clenoir12@hhs.gov,,333.38,662.17,1,4713
2021-03-23,74039035-96e5-4da6-8858-182569ebdd43,tcuniomr@t.co,8.0,832.52,681.67,1,4713
2021-03-24,9fb75c89-40f0-4b88-9817-e3fd3b24428d,jspeirsrb@blogtalkradio.com,10.0,866.34,328.69,1,2381
2021-03-24,224bd58e-8b12-4683-9260-cfa53901494f,kerlamfc@gmpg.org,6.0,596.99,82.35,1,2381
2021-03-24,e4abdeeb-2989-4750-bf3e-54a5b8520e5b,nbounde8p@seattletimes.com,1.0,768.19,640.82,0,4713
2021-03-24,bc2425d5-5630-46d0-bcbc-139d1b7f6a50,pdregan1q@typepad.com,,799.61,687.21,1,4713
2021-03-24,6aeea979-3df2-460b-8136-bbe1fd649c72,dphilpottsmb@4shared.com,,312.73,365.73,1,2381
2021-03-24,634268b7-da88-468d-a4cf-6c9cdcdb42c8,jetchesqx@harvard.edu,,192.28,175.56,1,2381
2021-03-24,4f31b652-18b3-41c4-b191-ad5cade350f2,eregitzbo@ucsd.edu,,287.48,777.82,1,4713
2021-03-24,976d7a2e-02e3-464c-8c22-a17ec76af006,kgrinhamhk@lulu.com,,656.5,237.05,1,2381
2021-03-24,a3e44d19-bfeb-4b69-a45d-3c5ee4156752,shulettlg@edublogs.org,14.0,864.75,72.8,0,2381
2021-03-24,2788fb04-a83d-4aad-b30c-36145ac68ffe,kgreyes16@wordpress.com,5.0,680.81,344.81,1,2381
2021-03-24,0ddcb0b2-fd27-4efb-a227-4b519fb07c21,lfaustinp4@cbslocal.com,14.0,236.72,131.5,1,2381
2021-03-24,d8ed644b-6749-4a12-8fbb-2b9e218e5239,jpaolillo2u@prweb.com,4.0,705.01,608.16,1,4713
2021-03-24,1fa19cf5-9fb0-4bc1-9a46-55e4beb3afc4,klafontns@phpbb.com,,553.63,765.66,1,4713
2021-03-24,399b34d5-b3f2-49ca-9c2e-93a074e87b09,betoilekm@reverbnation.com,,754.26,172.65,1,2381
2021-03-25,41cec848-745a-45da-9b4c-2e720ddcbe82,lbenitd3@slashdot.org,13.0,439.82,230.22,1,2381
2021-03-25,8b3e1b20-32c6-4db0-8dae-380243e1a986,pdurhamjd@cocolog-nifty.com,,51.37,347.93,1,2381
2021-03-25,573fb7d1-5900-46a1-b509-22207be61705,gormeg@webnode.com,4.0,711.58,261.98,1,2381
2021-03-25,ab119a0d-c928-46dc-abf7-6238151d9b4b,dulyetqh@gravatar.com,8.0,988.94,580.56,1,2381
2021-03-25,9faf3894-4d68-4f26-bf87-a51ba6d02961,nlawtie2c@domainmarket.com,5.0,269.81,399.8,1,2381
2021-03-25,fe80bfcf-552e-4c30-8e5f-c15d47886f2f,ccajklerfq@ted.com,,606.94,670.47,0,4713
2021-03-25,4e42a536-5fd1-40df-9ad0-f26da327f6ad,spenberthy6v@engadget.com,,461.51,126.77,1,2381
2021-03-25,aedaddf4-ad37-4bc4-bbb0-6f15d4030983,cramptonpx@sphinn.com,4.0,49.62,155.25,1,2381
2021-03-25,b83c2492-c4dc-4e23-8dfe-f6ff0a9d929b,rgarthla@wp.com,,282.61,334.79,1,2381
2021-03-25,ba29dd58-cd0e-4a74-b321-159b8a43782f,alambotinmi@mac.com,7.0,156.88,547.65,1,2381
2021-03-25,85fdf743-d8fb-48d3-8156-10ae767445b3,ericks37@moonfruit.com,,376.16,524.32,1,2381
2021-03-25,f7a25fb5-f8ce-4c07-beb9-a440123637f0,cbuntine1q@hexun.com,,187.16,412.83,1,2381
2021-03-25,dab77fae-13e5-42ec-ac09-cf0f8101e8d7,gchurchin1t@alexa.com,,881.22,279.91,1,2381
2021-03-25,f3b246d1-ee18-4805-bfcc-5769e7eec6c4,mhoundson60@youku.com,,157.61,189.18,1,2381
2021-03-25,9dff558e-6b43-4e5f-a01f-be3469ff847c,smooring8k@uiuc.edu,9.0,95.69,666.03,1,4713
2021-03-25,d517d1c5-cbc3-479a-8ed9-8aa22554c8c0,bdaelmannj@chronoengine.com,9.0,768.31,757.33,1,4713
2021-03-25,2ca298fa-602e-4f83-8bb3-9582a8315d67,krosenstielaa@ucsd.edu,12.0,582.08,200.07,1,2381
2021-03-25,41fc8964-7fb4-4d06-8002-b64e6bf56b53,bhoudhury43@telegraph.co.uk,,515.27,176.31,0,2381
2021-03-25,2877716a-be1f-4dd3-a0ae-bbfe97af9c24,ddabnorhf@yellowpages.com,7.0,99.49,143.88,1,2381
2021-03-26,bd84c33d-ccfd-4345-a2d1-9e8dd640b5ec,aofeeny7w@google.ca,11.0,968.92,417.98,0,2381
2021-03-26,40db0d92-0b5c-4c96-a868-e2e5e6a6dbf0,lwhatleymn@canalblog.com,,610.02,489.9,0,2381
2021-03-26,bb0eb813-d81d-4215-b76e-0b4dcf578635,hege1e@oakley.com,,256.76,598.23,1,2381
2021-03-26,a6c42cda-95f8-4ee7-a463-1421637fe523,rlongbothom81@multiply.com,12.0,901.62,399.86,0,2381
2021-03-26,95e38f82-2dd8-4b8f-b5b4-25cc7ab66b5d,lmadocjoneslv@hao123.com,10.0,420.1,271.15,1,2381
2021-03-26,0971aad1-e049-4157-b3bd-9cd64caac09f,gleyton2e@google.ru,,534.91,768.66,1,4713
2021-03-26,c5b30508-2602-45d2-aadc-58c8142dc0c8,rixorhc@ftc.gov,,396.19,518.17,1,2381
2021-03-26,5675e9a8-e61a-4cff-8cec-ac3f97fc7e5c,amaxfieldq2@nifty.com,5.0,814.99,152.24,1,2381
2021-03-26,5b713b87-2cb2-4f22-bea9-8e580cfb7e91,fivoshin33@lycos.com,8.0,783.86,701.81,1,4713
2021-03-26,00257edb-7758-47f2-b5d0-91bddcd2eaa5,mhindrichnk@ezinearticles.com,8.0,239.29,87.71,1,2381
2021-03-26,5b4cc444-609e-419b-8b3e-ce3bad636a42,fhearsum6g@jigsy.com,6.0,207.87,297.24,1,2381
2021-03-26,267aeb13-e154-4a8d-9333-41cac1ebebee,tkarolowskife@squarespace.com,14.0,585.94,682.43,1,4713
2021-03-26,303cc4e3-eb02-4df4-85d8-b5732eb2cf6f,bheeney26@columbia.edu,7.0,514.67,321.44,1,2381
2021-03-26,a7fd905e-1f79-4f52-99e9-3b2014c030d1,slowy9z@reddit.com,9.0,829.12,106.35,1,2381
2021-03-26,069aa5b0-185e-4673-b7e3-b23e66dc5a25,pramptonmn@thetimes.co.uk,,672.45,67.86,1,2381
2021-03-26,58e1dd96-88db-4ade-8f62-5928fc44957c,lenserfg@feedburner.com,3.0,521.24,311.96,1,2381
2021-03-26,b9b1dd3a-8550-4410-8b4b-01708037e9ec,eguilayndf@netscape.com,10.0,819.11,460.86,1,2381
2021-03-26,0e2e64c5-3acd-43a4-9d25-c8a79d2e8adf,dbowdlerrh@opensource.org,10.0,46.9,510.99,1,2381
2021-03-26,0802f048-69b8-488a-bc45-47e6d3969383,ccuffecg@vistaprint.com,,250.11,340.16,1,2381
2021-03-26,6e84ea1f-b8de-4e2b-809e-5b55bcefc724,rcarlonijq@yolasite.com,,648.5,685.45,1,4713
2021-03-26,ad368110-2ee3-4391-bfb7-abadf84ad2cc,rtowseyhf@walmart.com,11.0,347.52,201.42,1,2381
2021-03-26,80d6b597-d3f0-4e9b-ae65-d1b348acf111,fmistryna@ca.gov,12.0,510.48,597.98,1,2381
2021-03-27,1e695a8b-1ae9-4e65-a540-c06dc4bee894,mkillick58@aol.com,3.0,261.21,519.79,1,2381
2021-03-27,5b2298e1-c796-41f3-93ed-d3bc8020de2b,agiottini96@trellian.com,,575.58,36.04,0,2381
2021-03-27,99a27868-7759-4354-a19e-369c1c903d9a,ejeffery9t@mac.com,5.0,164.35,761.29,1,4713
2021-03-27,b933d6a5-bd6e-4a7f-a972-31d5c8dbd1fd,bravenscrofttcx@usda.gov,12.0,561.23,123.63,1,2381
2021-03-27,33b7638e-dd1c-4ebe-9594-8f59851b8b2e,aflawn72@ox.ac.uk,15.0,769.48,695.95,0,4713
2021-03-27,45fa5467-cbd8-49d8-84ec-710bd5e599d1,ssturmandf@timesonline.co.uk,2.0,425.32,87.7,1,2381
2021-03-27,d9e06a57-2835-441f-a56e-5d1da933715e,dwoolstenholmesae@nsw.gov.au,8.0,727.79,321.95,1,2381
2021-03-27,9b5c522e-b656-4b0f-ac6a-9b870e358c48,cviccarsow@yandex.ru,19.0,790.58,517.16,1,2381
2021-03-27,ef779961-03a4-493b-b77e-cca917548363,rclutterbuckqi@slideshare.net,,189.02,121.72,0,2381
2021-03-27,ab32936a-e002-432a-86df-d3e38ca176b3,fferribygz@dagondesign.com,17.0,408.1,584.86,1,2381
2021-03-27,a4a59d2e-7626-4100-b2d9-9b94437eb36c,dbryett62@infoseek.co.jp,6.0,317.75,659.87,1,4713
2021-03-27,f8add946-56e8-4e7b-a3eb-94ff9f9efc57,scarer8@dell.com,,776.24,537.87,1,2381
2021-03-28,2d7e4dbe-008b-48cf-81d6-0b34834cc59d,nvannucci28@lycos.com,15.0,162.96,122.77,0,2381
2021-03-28,968cd3d9-ed3c-4856-b8d9-1992ae1ea5f7,nmansfield96@php.net,10.0,778.71,293.04,1,2381
2021-03-28,ec7e0347-4fd7-428c-92af-9ab480ede774,cyansonspv@ning.com,6.0,868.68,344.87,1,2381
2021-03-28,42565724-51bb-4e55-b306-2f4706c7e344,jpickrill7r@mayoclinic.com,,533.93,384.14,1,2381
2021-03-28,7c93912e-a6d5-4095-ad38-5c341d49c384,bpetchellld@phpbb.com,5.0,57.36,770.38,1,4713
2021-03-28,9257cf52-c6bf-4270-a8c8-5957a0a96d64,mvanshin6g@phpbb.com,,812.51,102.05,1,2381
2021-03-28,530a4694-9ce5-4f34-b13d-fc5357250076,cdavenhillj@pagesperso-orange.fr,8.0,683.68,611.79,1,4713
2021-03-28,4f12f00e-0db0-44d1-b711-e7c6fe0aa8c6,xlailey6r@ted.com,,973.07,244.23,1,2381
2021-03-28,fc600394-cae3-49ad-83e0-11a49d217022,mgrummitt1s@marriott.com,14.0,98.46,137.55,1,2381
2021-03-28,24b385da-b6c6-4e7c-af27-6b2ae85c221d,nmordie55@pinterest.com,2.0,439.17,47.76,1,2381
2021-03-28,4786d5c6-23a0-4c6c-a220-7de2b4b4df52,ldurninpf@ihg.com,1.0,210.45,209.76,1,2381
2021-03-28,6be537aa-999c-4981-acb8-0e22c0c086ba,wshiers7q@indiegogo.com,10.0,661.33,257.88,1,2381
2021-03-28,cc1f4858-690a-4e7a-95f3-6cfa853c44b8,jfullundo@digg.com,7.0,902.98,364.49,0,2381
2021-03-28,3d8f3e30-7e49-4303-9b7f-8aa3e2c38771,tvigerfo@amazon.de,,233.39,276.95,1,2381
2021-03-29,76910343-dfd9-4c23-9ff2-3bd8aed19e0c,vfirmingerk@shareasale.com,,924.69,203.66,1,2381
2021-03-29,07c7e232-ad52-4859-9bb0-5fdcd30e8984,ssawtell2r@lulu.com,4.0,908.08,773.25,1,4713
2021-03-29,c1352e93-34bb-47cb-a900-246124769a26,ktocqueif@reuters.com,,61.98,536.2,1,2381
2021-03-29,c4abd10d-1b10-4ab4-bee8-8dd2d8657697,ckruschovgx@loc.gov,,650.98,598.58,1,2381
2021-03-29,8f1b70a2-8d6f-424c-be36-5f641680e277,cmcgranni3@usgs.gov,4.0,759.75,544.87,1,2381
2021-03-29,08198bd1-2967-4805-a9f9-fe7614d3b924,jriccardoa7@miibeian.gov.cn,5.0,608.82,606.55,1,4713
2021-03-29,4a7fd69a-1a38-4130-b3b8-6ec85ed9dc9a,stenbyad@nytimes.com,1.0,558.96,305.34,0,2381
2021-03-29,f3d15db4-fab7-44b2-8dfd-c2700acfe4e9,bloffelhd@fema.gov,,200.05,472.2,1,2381
2021-03-30,79d87887-fbce-4eae-851e-17416473c955,alenneyqo@bluehost.com,,874.73,438.76,1,2381
2021-03-30,fb8dc4c5-ac3d-48de-8df8-aa7a50224df8,mbosmaj9@huffingtonpost.com,,556.79,594.05,1,2381
2021-03-30,77fe2a34-4961-4dd0-bd7b-e30178a96513,reustacef0@google.cn,,506.91,43.06,1,2381
2021-03-30,f60573ca-aa6f-4f1e-925e-17fb6b98578f,bjikyllsjl@163.com,11.0,931.78,595.79,1,2381
2021-03-30,c2918312-b10e-4a73-85eb-0d3410d6ec53,mbasiliop@wsj.com,,662.31,163.71,1,2381
2021-03-30,0272131b-f058-4a26-aa54-707558e2f51a,wcorriganmd@japanpost.jp,8.0,943.38,187.95,1,2381
2021-03-30,48f0ef99-26ab-4fdf-8c4f-fbfb827a8181,hblackk3@nydailynews.com,4.0,340.36,274.14,1,2381
2021-03-30,212247d3-087a-43d7-ad55-61bfbefcafdb,parnaez80@360.cn,6.0,786.89,215.21,1,2381
2021-03-30,9c192846-98c6-4b83-aa0b-fc8355325738,hroseat@disqus.com,14.0,256.94,37.61,1,2381
2021-03-30,0f40faec-ef2e-4d68-9d97-eb1ab330644d,mnorth8u@plala.or.jp,,982.7,283.1,1,2381
2021-03-30,c5d42caf-c9cf-40be-bdc7-3c4d17b6bba0,acandlish9@ucla.edu,17.0,277.47,131.96,1,2381
2021-03-31,248fe770-f6ce-485b-925a-07ee2c3d98ee,lchittleburgho6@sogou.com,4.0,375.95,667.73,1,4713
2021-03-31,d682b6f7-52f8-445e-bc18-1b65f764c304,tmccurdygk@narod.ru,5.0,856.35,163.8,1,2381
2021-03-31,76e34163-c1c7-4c10-9b7b-41d1ea31dd70,holochanmy@mapquest.com,6.0,631.44,175.18,1,2381
2021-03-31,e739edae-ca57-4976-9c50-c4cd52a9f9cf,fblowfield91@meetup.com,6.0,949.5,711.63,1,4713
2021-03-31,ba7586c8-929d-44ed-9a2d-dc58259580d2,daickenca@addthis.com,,494.53,31.5,1,2381
2021-03-31,ce2f5073-a808-4696-b6d9-479ddb836a8b,bpatrie7y@addthis.com,,731.96,775.44,1,4713
2021-03-31,4f390d3e-1b15-4289-bbb9-dd0bf337bce7,jparlattgv@guardian.co.uk,11.0,361.68,535.86,1,2381
2021-03-31,0a086b62-9953-4cb6-bf50-d2d8c7e41fe5,amossopdp@ustream.tv,3.0,821.18,712.07,1,4713
2021-03-31,081424b2-47e2-47bb-8d60-21c7c22f0619,btwyford3g@wunderground.com,6.0,439.9,314.84,1,2381
2021-03-31,36128578-8531-4e17-b6f3-a13661162df3,gmaymonddv@va.gov,6.0,721.2,375.38,1,2381
2021-03-31,5e61e257-d9fc-4a7a-bd43-0cdf817b0b37,ufriedenbach6h@w3.org,7.0,775.41,194.04,1,2381
2021-03-31,196b15b3-f140-477f-b751-22ef8ecc4685,clegrysjf@taobao.com,4.0,623.73,740.05,1,4713
2021-03-31,e534bff2-4e87-4bbc-8362-b4950c7b7443,dcheerrf@people.com.cn,6.0,102.7,528.99,1,2381
2021-03-31,350e9156-4b68-424c-9648-476c29b1a457,bphysickmm@behance.net,8.0,368.36,658.03,1,4713
2021-03-31,31fa76b9-6152-4897-8650-44a4606eaedb,elonsdaleot@xinhuanet.com,,185.84,108.87,1,2381
2021-03-31,84ef6a2b-fbc3-48fa-b095-cb521984c264,aladbrookky@google.ru,,162.18,344.12,1,2381
2021-03-31,d07b3a9c-f6fb-4a8a-8147-9ed086709647,bsarlljt@usatoday.com,3.0,814.4,762.02,1,4713
2021-03-31,50925b6f-10fa-40d7-9ba9-e1d960d1e527,jloyley89@feedburner.com,,233.94,673.29,0,4713
2021-03-31,e8ded84d-b57e-4ad9-8c1f-a9c180de6bdf,zsturgesqe@ucla.edu,,168.72,114.58,1,2381
2021-03-31,a8a1fe53-64a1-42d7-9ce1-a25e16876e9f,mhudelom@cbslocal.com,5.0,840.28,262.79,1,2381
2021-03-31,90ca914c-d4a6-45e5-8201-4b2e80bdd139,hshapcotebi@princeton.edu,,282.64,473.82,1,2381
2021-03-31,5e2659a9-ab1d-4750-8e40-fbd90a70e849,kmcgeachier3@amazon.com,3.0,45.87,144.86,0,2381
2021-03-31,957295ae-8b5b-48a4-b82a-4f9bedc4aa8d,csetchell8j@ca.gov,10.0,602.58,546.87,1,2381
2021-03-31,3458d4a2-c374-4711-8a2c-0027d714dea8,ceverill1k@fema.gov,4.0,444.35,562.16,0,2381
2021-03-31,203f9185-263f-4a28-9c63-b20f886888ea,jleuren9@miitbeian.gov.cn,,180.57,674.44,1,4713
2021-03-31,290d845d-c1f3-49da-ac02-ff8bc1861443,hsteersk4@gnu.org,10.0,952.65,287.88,1,2381
