date,order_id,email_customer,page_visited,duration,total_basket,has_confirmed
2021-02-01,47216011-afd0-4041-8b28-9fc5bf8d7a85,mmaysq4@irs.gov,5.0,110.3,441.5,1
2021-02-01,eb01ba46-e182-4d1a-82bf-5fac2c116025,hbellowm8@vkontakte.ru,12.0,881.5,202.39,1
2021-02-01,72db6811-cf01-4788-8ec2-e7ed82b9072b,broloffb0@hugedomains.com,6.0,569.58,169.45,1
2021-02-01,4aae96da-018a-4ec2-9549-b7c8a823dcf0,mpepallc4@indiatimes.com,11.0,582.84,19.32,1
2021-02-01,0050abd9-7871-4a42-b777-26848a458602,renderby31@baidu.com,13.0,597.97,61.65,1
2021-02-01,63b6ca08-1206-46b1-a30a-36ee08d121df,cglentzdp@gov.uk,,869.22,356.28,1
2021-02-01,9e06d5eb-e6e4-405b-8a71-cb94cd89c0a6,aannesley38@shop-pro.jp,3.0,151.33,745.94,1
2021-02-01,2fefe6ff-abda-4a0f-8309-c6354dcfb6ff,apinsentao@mit.edu,10.0,853.95,252.21,1
2021-02-01,4e2bb13e-4330-4ef6-8fba-d6a0955b40cc,rfromej9@booking.com,6.0,451.22,411.12,1
2021-02-01,60a5efca-ef7b-461f-850e-7cc3a5688388,svittore36@vkontakte.ru,13.0,444.13,549.26,1
2021-02-02,e566c4da-716c-4e77-8231-e5db23fa326f,cghiotto8j@rakuten.co.jp,15.0,898.6,647.34,1
2021-02-02,04ed766f-07f5-448c-a126-e3e8e93dd498,grydingeq@printfriendly.com,16.0,801.59,207.26,1
2021-02-02,62603c8c-0398-4939-8503-af9d09030b5b,kdodgshun6d@microsoft.com,3.0,281.86,614.32,1
2021-02-02,a9ef0ccf-1f6b-4bc3-9e7b-2167f4ee7821,amarland5e@oakley.com,12.0,773.12,133.89,1
2021-02-02,92cf5ddd-9095-420d-b192-fe7e57eae438,kmetterickii@sitemeter.com,4.0,222.42,460.07,1
2021-02-02,95015181-6d63-49eb-a78e-8eef7ea01f50,bpiwall4f@wsj.com,8.0,195.12,438.51,1
2021-02-02,0204d96f-3369-44a0-96f5-54792ec53b82,jbleiman3t@nps.gov,13.0,136.69,579.72,1
2021-02-02,ca9f499f-bede-4f1e-8cc4-58cc92b7e6f8,mlangfittkr@netlog.com,9.0,281.91,350.36,1
2021-02-02,e7c0de6c-bf78-4ab8-8a2b-a570f1fcf450,mpickoverm9@hubpages.com,11.0,377.57,111.03,1
2021-02-02,ac332fe1-057a-499e-a10e-1547016d793d,asieghard95@exblog.jp,12.0,163.46,141.56,1
2021-02-02,7fd3fb8e-4122-47a4-a956-7ebb7a5f2b50,ycarbonelle9@mac.com,3.0,694.52,773.7,1
2021-02-02,f8ee8d4a-94fe-4d37-9a3b-46b74b0e56e6,ecapstaffr0@engadget.com,12.0,310.79,713.35,1
2021-02-02,d1c32ab1-c608-42b1-b420-f0f34b3ddbc6,dmittondv@omniture.com,9.0,981.15,223.49,0
2021-02-02,c47eebdc-95ed-4eab-8869-e8a73b75f03c,athirlawayo7@oakley.com,,259.85,261.98,1
2021-02-03,77ea9bf3-03df-4489-92a6-97618fc1c5e0,cstoade4a@wordpress.com,4.0,816.65,462.89,1
2021-02-03,e5be5a73-7473-43ad-857c-91516f7d1db3,zgenikenu@wp.com,15.0,618.11,271.69,1
2021-02-03,60aa78f9-b725-4235-baeb-09332a3bafd1,fcottispo@ezinearticles.com,6.0,213.58,357.03,1
2021-02-03,eb0187f3-22a1-4170-a4c0-e3122af23b23,lgaynescx@wikia.com,8.0,416.75,485.3,1
2021-02-03,4fdfc91a-a8c8-4641-8464-e95b0432a53b,xgrumleypa@mapquest.com,4.0,749.35,654.46,1
2021-02-03,e5fe331e-3aa5-4c1e-9c25-c10e640e788a,faskengd@guardian.co.uk,3.0,511.92,277.59,1
2021-02-03,9ff97caa-28ea-41a4-8392-750601d12d30,cwharramgm@go.com,5.0,809.95,323.26,1
2021-02-03,9e2ef6d6-6af0-44cb-be0a-2d961e8ef072,llayton0@flickr.com,5.0,932.14,345.88,1
2021-02-03,c9298e5b-916b-4a23-bca0-da791a6b259d,sfakesa1@deliciousdays.com,,332.15,93.86,1
2021-02-03,ca3aaf62-bb7d-4d5f-a115-c60dd0f9c0df,dgiacomettix@qq.com,13.0,69.58,254.97,1
2021-02-03,51422b23-ef8e-4e2d-bfe7-85176fb0f6ca,eschruursp8@woothemes.com,13.0,118.07,129.17,1
2021-02-03,65d739c3-1cfc-4958-8153-df0b6edf42ae,jbollon9e@cocolog-nifty.com,10.0,936.18,690.82,1
2021-02-04,4a2b8656-83a2-4a61-8044-0102f95347cf,locarrol90@msn.com,13.0,609.28,502.48,1
2021-02-04,39fb1d43-e37b-452d-8da6-7e510b908e1a,rortega8@theatlantic.com,8.0,252.45,767.6,1
2021-02-04,fad0fa7d-ea22-4dbf-84c4-798514e72861,eransleynd@t.co,13.0,752.93,258.43,1
2021-02-04,bb99f06e-c3e9-4c04-b434-792074b8721c,rkingerbyc5@walmart.com,,486.02,117.1,0
2021-02-04,2c811bcd-8d54-4e21-a9e8-96f20fbbfdcc,sanfreyph@ft.com,4.0,758.36,550.67,1
2021-02-04,1bf03795-7441-40a3-9352-b19ddf34b331,ccomellinil@qq.com,7.0,735.71,572.93,1
2021-02-04,a815444f-56b1-4ccd-bbeb-8e6917677e70,cpolesbo@aol.com,10.0,713.75,590.94,1
2021-02-04,d5494a1a-9ab6-499c-aadf-645fbe761e9b,hhumbeeg3@house.gov,4.0,250.72,755.32,1
2021-02-04,4f0f529f-2c6f-4a49-b169-e48be84cce42,hchartrefo@hao123.com,9.0,307.3,650.88,1
2021-02-04,86a4e960-f066-44a2-adf9-2860f5030f2f,dnarrawayns@tiny.cc,1.0,857.01,197.51,1
2021-02-04,9c4f0d92-ea76-47df-b899-839555db1658,smityashin6n@harvard.edu,15.0,992.41,264.72,1
2021-02-04,ebbcc234-1e7e-4837-bc68-e27aa23b63b7,sweedenqw@mail.ru,,177.76,691.94,1
2021-02-04,2105ba01-3e9e-4162-ae61-f291ec7f8f3e,cmaseres1m@bandcamp.com,9.0,927.18,649.83,1
2021-02-04,b298c4df-03c9-46f8-837f-fa9ecdaf6cf1,sschops4i@so-net.ne.jp,14.0,723.97,551.24,1
2021-02-05,00bcea96-31d6-46c1-aaaa-41daf83dd91a,agreenerg2@about.me,7.0,725.24,633.27,1
2021-02-05,101939a2-fe39-4be7-859a-e46b1d1f3577,aticehurst3n@thetimes.co.uk,5.0,955.44,707.34,1
2021-02-05,9864b387-0d28-4fb6-a510-9910c80ebace,bfoyle5v@ovh.net,7.0,113.05,688.12,1
2021-02-05,0679b7f3-dba4-4244-b646-8e2e5b011bf3,asissonci@cnbc.com,14.0,220.23,236.66,1
2021-02-05,b3eea219-ea89-436c-b89c-d71c2830b83d,bwatchornk8@php.net,3.0,826.7,483.0,1
2021-02-05,c068546b-e144-4acf-ac84-606cdb9b272b,btrymeal@ameblo.jp,10.0,900.14,536.66,1
2021-02-05,5da43b4a-d4d8-4960-ae1a-1f569f755b34,rconningham2s@nymag.com,9.0,392.33,38.7,1
2021-02-05,22b36558-a1af-4ae3-8021-58d3b4a4e982,tcosleyf1@indiegogo.com,12.0,742.62,172.45,1
2021-02-05,b2f7e32d-63b6-4c0a-b917-f61baedd510c,rjumelln@yellowbook.com,12.0,148.62,421.29,1
2021-02-05,13913807-e810-4686-ab10-9b95bbdfd87e,ceixenbergerl9@pcworld.com,9.0,882.55,120.45,1
2021-02-05,bfbadddb-7dab-4bd5-a351-ad76a2fe12fa,ubacopg2@g.co,9.0,914.57,301.18,1
2021-02-06,56482d16-33c1-4bc0-af26-fd73c56ba2ba,dkayleymz@salon.com,14.0,680.31,710.47,1
2021-02-06,83fc038e-214c-4b35-84a6-894708f0201a,mcorringtonqm@squarespace.com,4.0,656.51,259.0,1
2021-02-06,f3b03907-ec6d-494d-8a8f-0c28c2c6798c,rmcloneymy@zimbio.com,12.0,819.66,176.22,1
2021-02-06,9c7914f1-3e2d-4b9d-94b5-a8d90fdf97e9,rscoinesl0@salon.com,4.0,236.29,699.85,1
2021-02-06,008a2873-77e6-48c9-ac5f-781335fba11c,flabramu@un.org,12.0,536.0,379.63,1
2021-02-06,856878f3-5b15-4bfe-a517-de17a5fef964,cgreenlyls@ovh.net,11.0,36.05,189.18,1
2021-02-06,e6fccad6-a784-4b56-b42d-45ea54ba0617,kgowrichgt@imageshack.us,13.0,163.02,518.24,1
2021-02-06,00366b9e-be86-459d-bde7-4241cc99f610,qcostainb1@naver.com,8.0,174.72,169.05,1
2021-02-06,13f3472a-b3bc-4d06-942a-367fa284f6a3,mgalliford1v@joomla.org,,800.78,381.3,1
2021-02-06,7638e79a-5838-4e0f-82db-bfef46b442b3,ningreybw@slate.com,11.0,585.52,509.61,1
2021-02-06,c5710c95-8671-4c90-8136-5c9425b408b9,oblackden74@shutterfly.com,10.0,590.17,232.24,1
2021-02-06,0780810a-9909-4ae8-a8b6-e7c5af0df9d4,rrisebarerrg@cnn.com,12.0,465.61,717.27,1
2021-02-06,f6986a14-af84-4b70-80b9-5df7d91f27cb,ablamiresi5@narod.ru,11.0,292.66,142.93,0
2021-02-06,c12914c2-aa45-4b5e-907c-1ce84ee8a7d4,nrosekn@google.fr,11.0,231.79,630.88,1
2021-02-06,a7670c2e-c87a-4e64-a7bd-3e93e0423149,hvanninimj@nymag.com,2.0,213.91,711.95,0
2021-02-06,d4f94dcc-909c-406e-a1b8-da7eaa2412f1,fkixdm@mozilla.org,7.0,58.33,133.7,1
2021-02-06,45cd948c-15b8-4812-ba81-9418e3a47685,fboyall17@miibeian.gov.cn,13.0,233.33,115.16,1
2021-02-07,6faf197e-84ad-470c-8925-4d42cc89daca,wlaflinb4@icio.us,5.0,514.36,692.62,1
2021-02-07,6d9cc70c-7103-4e4b-b60e-84ba06782cf1,mrulf7r@engadget.com,8.0,500.88,305.86,1
2021-02-07,bb40c7dd-847e-4f13-8dd8-09b6d948b20c,rcreebermu@alibaba.com,1.0,34.84,440.91,1
2021-02-07,012bcf52-442c-4935-a6a9-dcbdb213dcf8,gatteridgen5@ameblo.jp,7.0,949.18,489.65,1
2021-02-07,ce6f9d65-8feb-44b4-acd6-461bbbce5caf,jwendend2@wunderground.com,14.0,224.54,213.85,1
2021-02-07,378305b0-f66e-4330-ba99-b56243c03244,lsaunteri7@twitpic.com,2.0,617.58,96.13,1
2021-02-07,fe342e85-0a2e-4ea7-8309-f4430ea499d2,kchiplendd@hc360.com,5.0,157.39,505.49,1
2021-02-07,9923caf0-383a-4262-9cf2-2ef8f611a169,mglenwright29@cbslocal.com,5.0,856.17,161.29,1
2021-02-07,9b7be195-7f27-4922-8814-177cb86df9fb,bmachelmy@fastcompany.com,17.0,164.22,84.87,1
2021-02-07,cd941370-001b-4171-ad4f-4f3fed74c995,kjarrittep@wp.com,4.0,884.71,540.66,1
2021-02-07,214716aa-2e45-42b1-be00-b45a075a09ee,ywarderdd@wikia.com,6.0,352.62,22.74,1
2021-02-07,e53dffc0-3fe5-458b-a006-73d082bf5532,dblenkhorn3s@apple.com,12.0,228.07,282.72,1
2021-02-07,4bf733fe-887d-4290-b074-8e2da63e9178,aassirattijz@de.vu,8.0,508.87,689.51,1
2021-02-07,c0e589b1-b836-4b79-89fa-dc73f01ab12f,kmaffeodb@google.com,10.0,557.42,133.33,1
2021-02-07,7384341c-5048-4156-b42a-feb9c4bcf11f,espeere4w@wix.com,2.0,754.78,408.75,1
2021-02-07,0eaa8a06-4763-4c5f-a3b5-7c835a626453,yrosenwald57@dailymotion.com,6.0,585.4,713.75,1
2021-02-07,d98f2280-e3a9-4365-8b65-75cca8d82b0a,rdeldellodw@vimeo.com,14.0,996.74,423.71,1
2021-02-07,0af4f3db-6f04-4bc7-92ae-7aaf4ea8f763,vmerridayhl@sfgate.com,13.0,953.38,159.64,1
2021-02-07,9de64183-d18f-4743-8214-854dccb4475e,ttilnehc@blog.com,10.0,124.71,95.67,1
2021-02-08,8fb1fb02-a6df-46e1-8f1d-55261942646f,rleddy5l@sciencedirect.com,7.0,951.17,176.67,0
2021-02-08,8a41ab83-6e7c-4a03-ad4d-c6a48a64ec53,pcluttenje@cocolog-nifty.com,4.0,127.8,322.56,1
2021-02-08,462fc7ba-3c69-4e60-9933-eeaa29737d8f,ccotman31@va.gov,6.0,374.38,55.78,1
2021-02-08,d0341a0a-18c6-4a15-81d6-314a05bf1b1e,kmethb7@stumbleupon.com,4.0,920.18,485.14,1
2021-02-08,7ebcd352-779d-42a7-9b19-57383ae31c05,ntofpik7r@bloomberg.com,1.0,64.51,428.78,1
2021-02-08,934a3c86-ac04-4a4b-9350-16dd30a75e59,gspeariett1s@tuttocitta.it,16.0,117.97,461.16,1
2021-02-08,225d1472-3bfb-45df-aa4e-0d773fa5ec1b,cbradmanhz@columbia.edu,9.0,39.83,572.58,1
2021-02-08,5dadf4f6-7387-427c-9765-5f963253ab75,rdeantonil8@sourceforge.net,11.0,552.86,696.25,1
2021-02-08,5c40a40d-a7bd-4b04-bacc-c4ceb943f9ca,fcaig4z@pagesperso-orange.fr,6.0,686.36,189.71,1
2021-02-08,8264e540-9efa-4215-a375-955626fbfa73,lworcester1t@sohu.com,,533.01,690.74,1
2021-02-08,cfabd045-74e1-47c3-8efa-28e7564a6983,pgillittu@sun.com,10.0,994.3,573.4,1
2021-02-08,5553671c-7373-4d51-b398-58e6d85ccc28,sgabalahx@sakura.ne.jp,7.0,963.81,316.86,1
2021-02-09,778659ff-a148-4f49-ae31-f72ebd05765a,fredmellrf@ezinearticles.com,9.0,141.85,449.32,1
2021-02-09,b2edf7e3-7bda-4ebf-8c40-08276baaade6,vdheninmp@bbc.co.uk,10.0,850.66,169.29,1
2021-02-09,8b3e415d-b536-4b53-88de-53279145d4e3,camesap@friendfeed.com,,548.65,79.33,1
2021-02-09,5a49ff92-aba6-4eab-bd1c-5a43f62e7462,asnowdingge@liveinternet.ru,6.0,930.93,50.65,1
2021-02-09,2b19e167-26cf-49f8-b9f1-aa8d57947c3d,akintishr4@accuweather.com,9.0,85.77,720.57,1
2021-02-09,d73e6e51-b35a-4c2a-888c-a3c8c598b97e,gslatenam@craigslist.org,8.0,929.56,621.21,1
2021-02-09,f0c087a6-b199-46e5-a202-96176b2ec9d9,tpetterskf@delicious.com,18.0,66.28,107.96,1
2021-02-09,8209ad92-2ec9-41d9-b9b0-15ed99d368d3,asimonyi9v@wp.com,13.0,124.88,694.86,1
2021-02-09,80aae592-b926-4ec6-a486-b169472c4c71,mcalverley6u@fastcompany.com,16.0,529.11,460.69,1
2021-02-09,16633482-0109-4e1b-9f8b-316c1932c3b6,slightwingg@latimes.com,3.0,346.03,539.3,1
2021-02-09,7db81daf-d736-40d4-b9c7-c765b9ac868b,rweardenly@slate.com,8.0,829.22,361.36,1
2021-02-09,0ffe62cd-86a9-49ff-b300-eb333e961d4d,ysandaymx@miibeian.gov.cn,14.0,803.42,639.72,1
2021-02-09,5fc0804b-63ef-4d12-bc1c-2e02c03d05f3,gdoig36@ucoz.ru,11.0,806.37,353.83,1
2021-02-09,1fd60788-bff7-45c8-9856-2a503ff325b0,dvanshin6h@cnn.com,6.0,164.83,760.33,1
2021-02-09,9b6ef8ab-874b-423f-a30a-511820ae658a,swilsdonm3@bandcamp.com,6.0,895.41,326.67,1
2021-02-09,5ffe169c-bce9-43cb-8044-a07938f22bf6,ctomney85@china.com.cn,14.0,700.01,200.81,1
2021-02-09,7165cb56-ead8-46ac-a2b7-3c04b8ff8f34,ecuttelar2o@homestead.com,4.0,131.79,229.07,1
2021-02-09,0ccadbee-5606-490c-96a5-165a2e84f051,pbreagankw@yale.edu,7.0,840.45,703.17,1
2021-02-09,76e14d58-8564-412f-9950-345014ae205c,ahusselbeea@reddit.com,7.0,56.53,122.16,1
2021-02-09,4277f836-2fa9-478d-aba7-804244b8e553,dbamfield1b@apple.com,9.0,109.3,259.01,0
2021-02-09,d29c35fd-3f0c-4b34-b454-b1dced496ecf,lvonoertzende@jalbum.net,13.0,783.38,96.86,1
2021-02-10,845e3ac8-14a2-46cb-a0e2-6fc237ddb782,drandlesq1@mail.ru,,299.73,571.52,1
2021-02-10,0ffef3c6-4c84-484a-be89-5f8a246b9c47,cgiriardelli7q@spotify.com,7.0,967.92,618.74,1
2021-02-10,fdbc1258-e1f8-4a76-a329-ef4deb434e55,crobbertph@fotki.com,1.0,567.0,589.79,1
2021-02-10,5bb71b6e-b0db-497b-9eda-2a74541445a3,mrigglesfordda@sphinn.com,12.0,571.25,586.65,0
2021-02-10,a8699189-fb6f-48b2-9413-a7811046cc52,nbrungerek@dagondesign.com,13.0,661.57,153.4,1
2021-02-10,da4e5608-eff4-438b-8842-ac81bb3f1ec2,eklichri@rediff.com,10.0,796.61,113.17,1
2021-02-10,34b16925-d9b1-4efb-9872-dd2b4843af48,trodenborchly@goo.gl,5.0,207.88,33.86,0
2021-02-10,ad9c5ab5-2b8c-435b-908a-00b03944034d,cvonderemptenax@sbwire.com,16.0,84.57,579.16,1
2021-02-10,98421fea-8faf-4bb3-b52f-f31471808519,pluppittbv@wired.com,12.0,206.44,23.38,1
2021-02-10,402972f3-ba2f-4c2e-a5a8-23b0aad2b48f,bommundsenps@bigcartel.com,8.0,442.65,763.15,1
2021-02-10,770e49ca-7057-40fd-aa2f-007ec0caa798,rlantuffo2@fc2.com,10.0,882.45,781.84,0
2021-02-10,e8af0c36-b80b-4deb-a510-de145784ab5f,jattoeha@bluehost.com,4.0,131.15,647.33,1
2021-02-10,dc0b2a6f-06aa-465f-ac80-a5598e47951f,cambroisinnb@buzzfeed.com,7.0,677.17,711.79,1
2021-02-10,ffedfddc-deb1-4470-9bfd-d8a76f1bd207,cauchterlonyae@sakura.ne.jp,,123.07,232.96,1
2021-02-10,9dbef4fc-ef5c-4bf1-9672-0d028b8b591f,hfeighneyll@wiley.com,11.0,958.03,682.45,1
2021-02-11,9db3eff7-f754-480c-84b6-409c60b35431,clemary8m@cam.ac.uk,3.0,34.83,333.87,1
2021-02-11,15666315-b916-455e-905c-262ffdb4e352,dscopyni@utexas.edu,7.0,247.74,672.24,1
2021-02-11,594793bb-fa73-4875-9273-9cc2f347f62b,ldurrellos@microsoft.com,,47.49,664.53,1
2021-02-11,38137258-8180-4a5f-8ec3-4ef54c6a6580,doflynnqi@ucsd.edu,5.0,552.65,727.84,0
2021-02-11,e87b377b-286c-4a6d-bdb8-27ee4b531a27,stoffolo9g@sakura.ne.jp,11.0,108.65,320.06,1
2021-02-11,082e20bd-300f-48b6-bf5f-5bf5b6d77c13,bbaynesqj@kickstarter.com,5.0,159.0,707.95,1
2021-02-11,c66fd29c-2340-4cd6-b4ae-05b73a808d94,nsimonou85@last.fm,8.0,316.79,634.2,1
2021-02-11,38d2340a-e31e-4bbe-b573-31aeed380779,ewoollacottmt@naver.com,8.0,361.36,446.33,1
2021-02-11,2571a3a9-0f56-4ec5-8d08-dbcf5d794e9d,ehoulaghanb3@posterous.com,13.0,471.4,458.79,0
2021-02-11,be878481-c77e-45b9-b76c-4dd6c36be6b3,mkarpfenii@pagesperso-orange.fr,4.0,457.19,248.01,1
2021-02-12,c2473e01-6aef-4b2c-bb9e-6e87992e9e56,ameeganfd@aboutads.info,2.0,107.68,249.76,1
2021-02-12,3d514ce2-439e-4068-8427-efe85fcaf9b8,pmaughan2l@vimeo.com,10.0,962.53,731.26,1
2021-02-12,200b2a9f-363f-4e16-b0c2-055a14593a60,dmakenn2@livejournal.com,7.0,622.92,92.57,1
2021-02-12,a798cb02-437a-4188-8c19-0528907c5250,cdunbobbinql@purevolume.com,14.0,866.7,48.35,0
2021-02-12,fbb9d135-5270-4ef5-a451-437cc075a439,yearthfield8o@usgs.gov,6.0,727.2,211.12,1
2021-02-12,77334e8d-4e28-4aeb-95eb-de2127da84af,acaser6k@who.int,13.0,549.46,429.64,1
2021-02-12,f0882905-e036-4e5a-a95a-9d6f08193e5b,cdymockcr@com.com,1.0,338.22,429.52,1
2021-02-12,8c5dc8ed-a80b-45e9-9a1d-6f9c02818c23,blarmouth7p@squidoo.com,7.0,439.54,207.86,1
2021-02-12,c3b0c7f9-a652-4e30-b829-4bd09dfb228e,hwolledge1q@wikispaces.com,,200.78,721.49,1
2021-02-12,681f40fd-b60b-4497-bbf8-0f068b7e4189,wapple4e@hc360.com,4.0,578.56,132.12,1
2021-02-12,6cb89e1c-2550-4f8d-b945-b5f15efe4e3a,nshotterr7@yellowbook.com,5.0,250.49,535.75,1
2021-02-12,0f3e0088-8a91-46ab-8d7f-4ffa75c34dff,rcallrk@ed.gov,10.0,468.27,457.12,1
2021-02-13,b397412c-55fa-4a4d-835f-39fe5667328f,lbissellig@xinhuanet.com,10.0,544.27,448.69,1
2021-02-13,34011690-8c0d-4e7c-a3c4-8bf740ed96d1,mdufaurcr@narod.ru,5.0,890.26,645.86,1
2021-02-13,d045f436-fbde-4fd6-8724-06234b34e110,cgladdolphpf@cpanel.net,7.0,743.65,98.86,1
2021-02-13,2357ccd9-0f43-432d-a6ad-83913a037e21,evandevlies1g@is.gd,7.0,634.44,469.24,1
2021-02-13,4e4acef8-769c-47bb-83e1-2e7a1292944f,mbiaggellief@nsw.gov.au,7.0,910.43,769.06,1
2021-02-14,9947649f-c940-4b0b-b08e-45f2a7a524a8,tbullanas@netlog.com,10.0,169.7,363.98,1
2021-02-14,201d250a-e120-4af7-b2b1-f2ed1af4b939,fofeenyn3@ycombinator.com,8.0,172.66,739.29,1
2021-02-14,7ca945d7-d337-48be-a449-597067aa037d,sblankenshippj@merriam-webster.com,8.0,779.17,103.05,1
2021-02-14,c6e67ee5-e4f7-470e-9190-5918d1b5e5c8,dginglell3b@linkedin.com,8.0,99.52,441.79,1
2021-02-14,be4dd28d-bc4e-4827-9ab1-9110997b0b64,pareles2h@fda.gov,5.0,273.61,195.8,0
2021-02-14,9d90734e-7b93-4c7b-b77a-bf0304457b78,mblaisdelldc@google.cn,11.0,643.44,55.16,1
2021-02-14,ac98686d-ee94-47b7-9e7c-73c017395a15,cmackient@gov.uk,9.0,969.11,463.51,1
2021-02-14,4a331a56-84c2-4c3c-9b68-3331e80e9c60,jpencost2j@twitpic.com,,919.36,627.0,1
2021-02-14,ace0f877-efda-450f-aa3e-3f4613b32975,kthickle@bigcartel.com,4.0,998.15,589.78,1
2021-02-15,2884e429-7766-4352-a84e-def1ce0b1705,cfrearsfk@nhs.uk,10.0,984.95,209.95,1
2021-02-15,87428659-0ff4-4384-a194-1faccb159db7,pbrunini2n@hexun.com,1.0,623.96,63.72,1
2021-02-15,1baf1b44-eaad-447d-a71d-37cde39352e2,gbrandinro@nydailynews.com,,979.26,224.62,1
2021-02-15,edf5759f-1071-4e77-8ee7-9dcb504e033e,jtoftspk@fc2.com,4.0,926.1,507.49,1
2021-02-15,e8a52173-0c6a-44d6-835a-94ac844eb55b,achastneyg3@chicagotribune.com,10.0,370.93,592.56,1
2021-02-15,5f823da7-9de6-45fe-9105-79030aa81d12,cmadders5s@wufoo.com,7.0,467.43,711.92,0
2021-02-15,5b62ba34-0d44-46bc-89bf-ce6991ef0cae,gspittall3z@pbs.org,8.0,366.03,658.65,1
2021-02-15,fd84d5d8-b5ed-449a-808f-b48bb748cf7a,pbofield4w@nps.gov,7.0,882.14,58.93,1
2021-02-15,bf3493ea-7c31-4ce7-861b-5775c25b2e3f,jrudgardoy@cdbaby.com,,926.81,103.62,1
2021-02-15,0b54da0f-4381-4ca3-a2a7-2b934bf805a3,btaberer8s@bandcamp.com,15.0,136.32,470.6,1
2021-02-15,8f1bdbcf-c301-4306-888c-1ae59fc8cc8c,cdraycottq9@sciencedirect.com,4.0,594.92,388.03,1
2021-02-15,4b0c7e7c-5350-4eb5-bd52-115babd2c2fd,rceeleyqa@qq.com,8.0,899.61,633.33,1
2021-02-15,10d26c19-ceaf-40a8-8821-4a66182db33d,smattaserd3@wordpress.org,3.0,774.95,85.34,1
2021-02-15,3850a50e-e55f-47c0-8213-9cf446bf2b64,myellowlees4o@ezinearticles.com,8.0,706.92,24.3,1
2021-02-16,3f32e82e-d7f5-4b6d-beb0-9e7505a14424,mciabatteri84@discovery.com,5.0,124.58,463.49,1
2021-02-16,15f6abce-5191-48cc-a075-824990dc1832,rposnerl2@webmd.com,9.0,715.67,212.34,1
2021-02-16,61243722-c34f-451d-8e38-80343c614633,ckiehljm@examiner.com,,283.14,308.92,1
2021-02-16,dee88c4b-0885-4a20-b3a0-774b4c200f09,egoundsy2t@lycos.com,8.0,212.85,524.52,1
2021-02-16,cd5e2ae5-ae93-46e1-887e-d413ff9f8aed,hpigeonol@wired.com,9.0,635.57,611.39,1
2021-02-16,1d325c55-b306-4780-b034-94a3ad4fc213,lqueyeiroqk@cargocollective.com,8.0,329.04,28.07,0
2021-02-16,dcbfca99-2542-4668-8fba-5d0ec3a997ee,kgannaway3r@japanpost.jp,10.0,891.96,227.34,1
2021-02-16,83a99c8f-0151-4536-ac66-aea1876ee90f,eellett9i@networkadvertising.org,,649.16,290.08,1
2021-02-16,1c42a591-d250-4b5f-a4ca-def084060895,adenisyuknf@cbc.ca,1.0,414.21,140.65,1
2021-02-16,d5889018-ba9a-44e8-b9d6-9984220e24d7,qcaseborne7c@aboutads.info,7.0,172.71,640.77,1
2021-02-16,f4df07c8-3b4e-4fe7-accf-d4cd6e3374f9,amacneillj@deliciousdays.com,9.0,998.82,578.84,1
2021-02-16,03ad5b57-78b1-40c6-a0d7-366d7e83ccfd,skalinsky4h@forbes.com,8.0,620.44,718.41,1
2021-02-16,3919d26c-61c6-496a-9a4f-e052ae1f8eeb,mhullockp0@de.vu,6.0,308.45,543.65,1
2021-02-16,33083fe3-1ac0-4dff-a3b0-bfe55795c82d,mgoretti83@com.com,11.0,671.62,25.61,1
2021-02-17,eea30458-a330-414b-a0e4-6addf2144aac,sheindrichno@google.it,8.0,542.05,751.62,1
2021-02-17,f46f9560-77a6-4e1f-960e-4634fddf413c,hmallordqe@blogs.com,6.0,242.81,271.91,1
2021-02-17,c166f7a7-f3bd-4f5e-a9a9-77fdec61bd36,obraghinigs@redcross.org,14.0,613.05,476.22,1
2021-02-17,064d4027-dbf0-42eb-a2e6-3496468c65a0,kdreinit@unblog.fr,11.0,163.14,135.52,1
2021-02-17,0d8db467-bf75-4bea-b0eb-3202941377ba,bbackwellko@ustream.tv,6.0,553.93,716.51,1
2021-02-17,efd318d4-9671-4a7b-bd80-f2cf2850c179,mfrancescoccio8n@flickr.com,7.0,172.21,427.05,1
2021-02-17,c0cd1b6a-33aa-42e7-86c1-a96971ea2f84,supstone5@youtu.be,,85.14,391.49,1
2021-02-17,fdbf0b21-8b6e-491a-8eac-c412e4ce154b,sgheerhaertbt@slashdot.org,13.0,546.78,72.34,1
2021-02-17,c86c3aa3-ade5-4be8-8ab3-26001af7e8b0,jgainbr@is.gd,14.0,325.49,656.31,1
2021-02-17,b30ff653-a9ed-4b1a-96d1-d08475dbc220,tdyshartqh@goodreads.com,1.0,574.31,718.2,1
2021-02-17,615085eb-f288-4a24-a7e7-728536a5a155,adoring33@mayoclinic.com,8.0,961.77,546.14,1
2021-02-17,2c5267ae-f1c5-47b1-a493-ddd81ca8459b,grodiehq@amazonaws.com,13.0,661.11,343.48,0
2021-02-17,58c8eb3c-0947-40ea-9377-5b98a38cfe6c,agregorettid3@t-online.de,18.0,473.53,215.88,1
2021-02-17,2d444e67-8960-429b-9798-f8170bc63e56,malbone47@timesonline.co.uk,1.0,725.34,488.59,0
2021-02-17,b1dbcc53-a22c-433c-a890-93fbf4aaf688,drodolico99@reuters.com,9.0,685.19,652.89,1
2021-02-17,65685df5-526c-4a85-80e2-0cf1f78694cd,amatascq@newsvine.com,8.0,497.04,705.42,1
2021-02-18,a4e92599-6c8d-47a2-87f1-a7111d1fedcc,kcollerdpb@com.com,13.0,876.03,304.96,1
2021-02-18,b6e3c569-b68d-4afb-ba74-59d8a512180b,dogleh5@parallels.com,12.0,796.36,609.35,1
2021-02-18,053bfb4a-03e4-46a4-9a25-68bbea054986,cbarnardoma@123-reg.co.uk,13.0,141.2,591.72,1
2021-02-18,0b24ff02-de8d-45a6-8547-4bac32358de0,smorbeyas@amazon.de,,358.46,212.56,1
2021-02-18,7528e4a2-db8e-49ed-b55e-4602e82efd53,sfonzo1f@tinypic.com,7.0,55.4,195.68,1
2021-02-18,04953ec0-227a-41e0-8797-9d8b265f102f,gjumeaudu@shinystat.com,8.0,875.3,766.5,1
2021-02-18,e61f30f0-a0e7-43fd-9892-0fe9e33f7658,fverbeek5j@qq.com,3.0,655.9,368.38,0
2021-02-18,f0537b44-3d56-44d7-8a7d-a9b93edfef82,wscrippsh5@digg.com,8.0,693.13,29.97,1
2021-02-18,1aa38847-6d3a-432b-ac0e-342848900930,gtunuy5l@jigsy.com,15.0,53.36,122.55,1
2021-02-18,d26d2723-9f87-4d7d-b3fe-0eba86c36ad6,teisenbergdh@hud.gov,7.0,608.85,348.02,1
2021-02-18,217889ec-5c62-456b-88f8-cc4ec05933ae,jbalserfl@de.vu,7.0,652.45,175.01,1
2021-02-18,635bb208-a0a8-4ca7-8a45-9bf7fc16f8cc,sattawellnc@example.com,1.0,406.34,624.9,0
2021-02-18,85ec52c4-8fc2-49af-83cc-b72e06e6bc01,cbebbingtonaj@clickbank.net,5.0,632.11,341.19,1
2021-02-18,f5a93fc2-04f0-4055-ab44-58581a8bae57,dkinnanehi@businessinsider.com,,480.04,460.47,1
2021-02-18,1cdeb998-2fe4-49e7-9634-4fccfbabe0c0,dhastings1q@netscape.com,11.0,46.24,190.95,1
2021-02-18,2162ee4b-9e90-414d-b670-a3ed6f6b90d6,lbaseggio5o@statcounter.com,10.0,407.23,474.81,1
2021-02-18,ec3789cd-c893-43cd-9a31-13050fe7846c,cdundridgeig@github.com,,890.83,745.49,1
2021-02-18,553eaeb0-4b71-4943-80ad-7e3bc3e81ed7,uhaggletona6@geocities.com,,95.46,771.8,1
2021-02-18,66bec67e-adde-42d0-9f3a-5a621b21ff36,lbarajahj@blogtalkradio.com,7.0,65.08,660.69,1
2021-02-18,7f639474-8bb1-41e7-82cc-3d691f7fcf3f,lgirardengohc@sun.com,8.0,732.85,537.29,1
2021-02-19,1f758f7c-7375-4f00-9a91-bee99184f105,roslers@statcounter.com,7.0,530.28,167.34,1
2021-02-19,b555e481-7b17-43c7-92d1-69625b2f86bf,ssummerley2z@seattletimes.com,14.0,583.49,747.52,1
2021-02-19,0b23aa1c-d9d2-4751-843e-ef86e02157e9,gfitchen7c@huffingtonpost.com,9.0,320.27,296.86,1
2021-02-19,931e0367-8e6d-45f6-aceb-1c49cf50cdd3,civannikov44@dmoz.org,7.0,60.47,118.54,1
2021-02-19,087ae5e2-71a0-4cb5-87cf-45b2f803077a,sallank2@nymag.com,7.0,117.14,51.84,1
2021-02-19,83b51eb6-613f-4599-900f-1c4b3519581f,bhritzkom4@nyu.edu,,899.52,234.87,1
2021-02-19,86aecbd9-2d9d-4de8-9616-e857de69a3c1,bdobbsonl6@admin.ch,6.0,451.78,268.69,1
2021-02-19,686b8ee9-3d74-4b3e-9c82-99ff30dc28cd,tdesbrowju@mediafire.com,8.0,50.08,364.07,0
2021-02-19,b200c36b-7fc2-4cc1-b279-3c21343eacd0,sduggon8r@washingtonpost.com,3.0,116.23,381.4,1
2021-02-19,3df025c5-1d0e-4925-88cf-54c3fa8060b1,wnapier8x@odnoklassniki.ru,8.0,472.92,662.86,1
2021-02-19,19ba7994-6d29-4708-b2eb-8cb64c22bd63,tgovini2p@biglobe.ne.jp,1.0,838.87,457.29,1
2021-02-20,b6ed4f96-3fbe-44aa-a0c1-e22fea17814f,kbodell6x@canalblog.com,9.0,870.75,752.9,1
2021-02-20,6fc2eeab-ce2b-436e-b138-0f2c3270881a,dhintzer6b@gravatar.com,1.0,606.99,450.86,1
2021-02-20,503000cc-1005-48bf-92e8-692df2d455a8,fcobdenkq@webmd.com,12.0,983.38,385.13,1
2021-02-20,786df46c-1cc6-4fc5-b810-111c7d888da3,jeasum50@jalbum.net,7.0,523.64,436.66,1
2021-02-20,8b43e16c-8065-4c0e-be67-2ad1ef7c4ebc,adufaurms@columbia.edu,,102.31,24.7,1
2021-02-20,8e4ba1ed-216c-453c-9691-77df21a5222e,draselles6b@wp.com,,684.93,361.99,1
2021-02-20,f0b15fdc-d4e3-4a3b-86b4-46ba2607c980,gmongenote0@omniture.com,8.0,896.78,282.74,1
2021-02-20,96b9a358-7a67-4cc0-8dcb-3c383064d7e1,pohaganak@cnet.com,11.0,467.37,211.14,1
2021-02-20,4444ffaa-e6e2-441d-9741-2f9281aa4d82,npullarqq@sciencedaily.com,15.0,288.44,136.03,1
2021-02-20,b84d1493-7d51-4366-aac0-17b034b313ec,adixsongc@hhs.gov,6.0,60.76,641.62,1
2021-02-20,2184fa15-6764-432f-b9d9-3d0d652e03b6,dwestmoreland3u@technorati.com,17.0,801.52,308.41,1
2021-02-20,66b253cb-2ab1-4227-9e09-6c566f9c4fad,estareo6@simplemachines.org,13.0,430.79,533.1,1
2021-02-20,6f282ccd-9174-4db9-881d-d64fa0c6e107,pwhimpenny57@stumbleupon.com,7.0,768.33,673.59,1
2021-02-21,73952bcc-6ddd-4b4b-b74b-cb7d7a2e1807,akettlesonjg@msu.edu,5.0,905.95,466.96,1
2021-02-21,b9c3cc4d-35c6-42da-8181-b85560702565,knorster1v@symantec.com,8.0,140.98,446.18,1
2021-02-21,0ef71c31-bf1f-4aae-a01e-29e0846d6705,wkitchasidep4@google.it,10.0,306.04,412.61,1
2021-02-21,c05fc19c-21bc-498c-9398-9150697e869a,kulyatnx@ft.com,10.0,78.34,648.62,1
2021-02-21,915ef30c-c739-4681-b8cd-9e10c95a1837,dtodarellof4@linkedin.com,10.0,32.38,418.31,1
2021-02-21,6268fe44-14e4-4b9b-be63-4c24d33a49cd,brubinchikkk@chronoengine.com,7.0,424.07,646.96,1
2021-02-21,e0cac570-1a59-45ed-a051-ed22db1448ef,ggorriesbn@fc2.com,12.0,516.45,260.05,1
2021-02-21,7f4ad8b3-432d-44d0-b5be-362a8dc6201d,kbriscamhn@nih.gov,11.0,742.73,344.88,1
2021-02-21,7b9bc4a5-17a8-4276-bf84-1f6c2ab61004,nfashami8@gov.uk,8.0,719.24,492.92,1
2021-02-21,12c03bbe-3a79-42a9-a99f-68eeb0a91b3f,pfurzer7t@yolasite.com,9.0,547.3,623.75,1
2021-02-21,a8d18971-ce79-4f3e-9483-11940bfde3b1,crawsthornegh@is.gd,9.0,731.47,450.17,1
2021-02-21,e2b1f1a4-ade7-4f19-9df0-d7300174a1ac,rweltonci@zdnet.com,13.0,779.65,557.07,0
2021-02-21,0f079adc-2ef8-404a-a331-890af8ac035f,kstealfoxq4@bluehost.com,8.0,305.58,361.52,1
2021-02-22,69411a77-4998-46c4-933a-8134899af451,hambagenv@addthis.com,3.0,723.06,649.9,1
2021-02-22,8b8607f4-9017-4380-ac20-37112388a201,mhizir35@merriam-webster.com,,755.25,323.46,1
2021-02-22,65018906-8e74-4621-8dd5-1a416c4a118f,pnormavellik@hud.gov,7.0,970.97,690.04,1
2021-02-22,c3f70007-9d85-410a-bf99-7ff319e07fa2,wteresia8c@hao123.com,,763.12,303.09,1
2021-02-22,ab515231-c6b3-461b-9b5e-f4efacf6e6be,roakesbb@goodreads.com,5.0,264.09,743.72,0
2021-02-22,df65086f-13fd-464a-a8de-23e2badad2fe,clinnemann7h@i2i.jp,10.0,585.52,422.26,1
2021-02-22,8e1699be-3139-4030-8e1e-8200bc86e14b,nforrenv@parallels.com,10.0,140.43,149.26,1
2021-02-22,72baedc7-0b5c-4784-aca2-48bcfdbb1d43,lbirdwhistell1l@skype.com,,724.79,651.78,1
2021-02-22,a4bbf389-e8fa-4b0d-bfb9-45785921770d,klundbech60@gmpg.org,10.0,74.34,467.11,1
2021-02-22,212a62f8-de1f-4a4c-842c-1a9868b36b9a,lsandilandsrd@issuu.com,4.0,978.53,614.8,1
2021-02-22,0a6a72f7-3d6b-47b4-add9-cf000ddbf0f8,cpeekip@hibu.com,13.0,764.02,651.33,1
2021-02-22,6d0276bf-86c1-4afe-9df9-dd3fd40c6799,kosburnqh@salon.com,14.0,233.63,696.34,1
2021-02-22,a0d2a37e-e0a7-4af1-b255-bd27b78b1fe9,xmcginlayps@oracle.com,11.0,113.83,598.06,1
2021-02-22,f06c8377-2e7a-4ad3-9a9d-504280f17e78,ccrouxnp@amazon.co.jp,6.0,178.52,617.76,1
2021-02-23,2f1f47e6-6e78-4b2c-97ac-b26a15179332,lgrenej0@cloudflare.com,6.0,760.3,81.01,1
2021-02-23,05702468-5b43-4461-8a6f-52173c479afe,eagnew5d@slashdot.org,,948.5,640.38,1
2021-02-23,0dabdef6-71c7-4396-a0fd-4cb5c7b2321d,mmatasovlh@yale.edu,7.0,133.93,382.59,1
2021-02-23,9fdd691e-0fc9-4db8-a20d-be7f1a552eaa,gtilion1@discovery.com,,422.83,213.11,1
2021-02-23,99039790-5557-492c-bb17-fc9d42d59c26,mattewill1h@de.vu,5.0,630.4,598.86,1
2021-02-23,2ed16211-6bda-4fa7-bb81-0f7d49fb80d3,yianellild@ovh.net,6.0,109.71,288.0,1
2021-02-23,41804100-7747-4087-b4cb-9dd7887160cf,bdowdam69@youku.com,7.0,673.81,774.58,1
2021-02-23,34cc9407-c119-49d9-835e-42112b64e0eb,amccartanqq@businessinsider.com,11.0,374.74,455.79,1
2021-02-23,741b11db-fc8f-41f7-8e82-349f8634c49e,igavriel7l@youtu.be,11.0,236.16,341.33,1
2021-02-23,315d7473-f127-42dc-a4f7-d795a2dc94e0,mcoadyfb@fotki.com,8.0,303.32,744.47,1
2021-02-23,0dd83b07-1345-476f-9d2f-dad37989ddc5,khartasim@canalblog.com,1.0,265.3,580.87,1
2021-02-23,f0d5ad0e-c115-4f9a-b5ea-b690fc47408c,fhallickjx@drupal.org,10.0,137.88,775.74,1
2021-02-23,9a908652-0f40-4ce7-be7b-144e7a5aa499,lshaklegi@etsy.com,14.0,528.43,112.2,1
2021-02-23,90820af2-8950-4de2-be24-5ae23d501fe3,kyakunchikovqz@stumbleupon.com,,611.54,698.85,1
2021-02-24,45e47c02-880b-4c7c-a4ca-8bc1ced786c2,ipyrkeh3@altervista.org,12.0,172.95,190.65,1
2021-02-24,83a47aee-2d31-4711-b71b-6c2a23d2d444,mspelmang8@mediafire.com,10.0,971.12,82.38,1
2021-02-24,758b8ce0-8b7c-4323-bd3d-1f4990130b78,tballance8b@disqus.com,10.0,401.61,713.05,1
2021-02-24,e8a6aebb-1c03-421a-ba54-44c747a777d5,kprivostm@deliciousdays.com,17.0,657.01,700.99,1
2021-02-24,db6e89df-f22e-4787-a686-58e56d3ca58d,htomas65@ycombinator.com,,667.27,576.17,1
2021-02-24,2bb147fb-fda2-495a-b047-d4edb0f13b51,varkin4@pcworld.com,10.0,96.66,458.99,0
2021-02-24,563cb2b0-243a-40e4-bd64-55c705fdd874,kmoricanfj@weather.com,13.0,345.91,223.34,1
2021-02-24,3adcc989-2b19-4bc5-8b23-07cac14860e5,jbeakes4k@mayoclinic.com,4.0,584.81,426.78,1
2021-02-24,e8de0240-1d4b-4ed7-bc1e-081839791c35,ceustondf@exblog.jp,3.0,900.22,569.29,1
2021-02-24,55e08904-44b6-4cf6-bc34-9349d1a69286,kjakov3r@booking.com,13.0,551.99,207.16,0
2021-02-24,5e76f49f-7f7a-4ce7-b0a4-5af8905ae292,cabatex@github.io,10.0,299.76,521.58,0
2021-02-24,e6bdffe9-9e67-4f50-a7d4-7353cfd79ec2,erodgerai@hibu.com,4.0,610.55,778.61,0
2021-02-24,a83569de-abd2-420a-8c60-a607d6f092c3,dbarkwayks@ezinearticles.com,9.0,389.35,687.46,0
2021-02-24,438ae33b-e1ac-4ed9-a3ca-e54701ef4042,carrigoh3@discovery.com,11.0,430.5,282.65,0
2021-02-24,369feb9a-26cf-46b9-b766-6de80a2d562b,scowcha23@miitbeian.gov.cn,2.0,900.75,445.68,1
2021-02-24,773a0381-572b-45f1-b98a-cfbd9814d3ea,mbecerrakj@ifeng.com,7.0,901.97,713.61,0
2021-02-24,4c9c23dd-03a9-4a08-8349-ace2c1144dd5,rbrunelkn@psu.edu,11.0,640.2,245.32,1
2021-02-24,5931f037-11be-455c-8215-f898805314da,bspilisynz@cpanel.net,7.0,929.28,661.11,1
2021-02-25,ac8b8ec1-9bca-4bf7-a454-4a39f66e7897,bbendin73@addtoany.com,10.0,559.55,94.34,1
2021-02-25,508f44f6-8c0a-4e72-ab4f-6529a0d1e215,gdixsee4x@linkedin.com,4.0,153.76,93.12,1
2021-02-25,e80296bb-a8b4-4eca-b745-6ce079a1a372,gspryik@aol.com,11.0,901.18,405.11,1
2021-02-25,727e6ee9-e646-41a0-abc4-3dd403238e41,fpimblottelk@google.es,11.0,606.09,467.75,1
2021-02-25,be334acf-4dc7-4e9f-a033-5aa3d472db3f,tlewnden9j@wikimedia.org,6.0,609.26,758.89,1
2021-02-25,db704e8c-f68e-4ee3-b231-bb0190b9f362,dvinsen1r@reddit.com,5.0,301.22,662.32,1
2021-02-25,0823412f-c089-43d3-9cad-30e323e88953,lrydzynski9t@microsoft.com,16.0,875.4,302.92,1
2021-02-25,97e780ef-809d-469b-a0d1-d628f2cb7eab,mneaglem0@europa.eu,6.0,977.72,170.5,1
2021-02-25,6e3c9556-4147-452a-a045-b8afa1e03cfa,dbesta5@google.co.jp,10.0,200.3,486.23,1
2021-02-25,dc6630b0-19d7-4a63-ad74-b23d074b3eb8,rroggeroqo@spotify.com,8.0,227.42,354.01,1
2021-02-25,a8148225-7d63-4815-95bc-94663a3debcd,ccavendish4m@soup.io,4.0,941.72,459.3,1
2021-02-25,17718682-a925-40cf-9578-d9efa929a3e6,fdelgadillobk@icio.us,8.0,798.5,577.03,0
2021-02-25,bca52f88-ac99-4c96-9068-de7000913928,rlandynp@shop-pro.jp,6.0,476.69,33.98,1
2021-02-25,29ee8fd4-46a2-4bf8-bb76-09f1c5e4c500,tculterp5@europa.eu,4.0,957.85,551.35,1
2021-02-25,998f5d26-e7ab-4961-b5cd-849a3ece9baa,plievesley6g@bandcamp.com,10.0,281.05,436.66,1
2021-02-25,25d46f9a-1240-4c4d-8a6e-1854e8fb288f,ydall1e@craigslist.org,13.0,226.77,166.59,1
2021-02-25,5452ff3e-7b3b-49d5-9ffb-a015455bd043,agyse56@mlb.com,6.0,666.63,285.8,1
2021-02-26,39ad43d0-3c1b-4114-ad8c-e8e73d2a6abb,amacandreish@techcrunch.com,10.0,802.76,393.12,1
2021-02-26,549ec575-14ef-4871-b959-92a24f46920b,cfarransf0@wiley.com,12.0,376.19,494.22,1
2021-02-26,00d11b85-f73d-40d3-9535-00fd0e3435bb,lluggar5b@constantcontact.com,14.0,958.69,647.92,1
2021-02-26,5b1e09d8-9541-4b83-a09d-d227e6974a7a,mmcdualli4@seesaa.net,1.0,827.83,774.22,0
2021-02-26,cfd15b4f-cd09-4050-9480-8d44d4d7b799,mjeremaesme@elegantthemes.com,13.0,761.64,644.94,1
2021-02-26,9ec4bef7-cd35-4301-a975-85c7de8f1f64,tlambehn@w3.org,4.0,698.3,364.41,1
2021-02-26,c0bfdaea-2634-4060-850f-ce91fad2da63,mcoldbreathbp@51.la,1.0,944.63,450.43,1
2021-02-26,c4527caf-7239-4da8-b434-4c6a32e3f8b9,aferrieresnh@independent.co.uk,,891.75,344.18,0
2021-02-26,a9e7c948-db7f-40a2-b916-63808a64ef68,vmalley68@tamu.edu,10.0,159.48,398.26,1
2021-02-26,83c3fd8a-1d2b-4290-a660-7314985041b7,mfarnie7@bbb.org,12.0,567.54,130.46,1
2021-02-26,4c87f7d8-d749-46b5-944c-8e5933d4bbf1,csturgemx@wikia.com,17.0,727.44,171.01,1
2021-02-26,55b2e4d5-9cd5-4b38-8df6-feae6d9a4ac7,doculligan3o@tiny.cc,14.0,591.55,137.26,1
2021-02-26,6880b3a7-d272-4075-ba67-34ff156030e3,ngolder33@dropbox.com,2.0,128.95,568.78,1
2021-02-27,e6475bc1-2d89-4e1e-a249-0238e7b06115,lextancebz@amazon.co.uk,4.0,732.36,138.87,1
2021-02-27,c9bd91f6-0833-4929-bb9f-bc47b73da076,lbadhamj7@ucoz.com,9.0,67.51,718.17,1
2021-02-27,f15d3334-55c1-40fa-a58b-4d56e75ddc17,amirrleesmz@dmoz.org,6.0,432.57,202.57,1
2021-02-27,027b456a-8cf2-4f3f-9c81-2795b5f39a16,sfairhamil@geocities.com,2.0,486.73,77.67,1
2021-02-27,e120f7ff-ee7c-407a-95d6-d64e973a1849,cpigrome2l@nih.gov,15.0,131.63,394.42,1
2021-02-27,858352e5-8c7e-4ca6-865c-b84d291e02af,lsavinml@apple.com,20.0,122.73,119.66,1
2021-02-27,30280cbc-51f4-4306-b1da-b97dc2e271c2,bfilonn8@fastcompany.com,2.0,228.22,282.75,1
2021-02-27,053d99c8-60f6-4523-a7c2-dbe846eaae5e,astirtonkc@wisc.edu,13.0,33.05,605.95,1
2021-02-27,7bbd684b-eb08-499a-b94f-7181018954ca,oculmer7y@amazon.com,8.0,926.59,700.63,1
2021-02-27,fb0c280d-24fe-4ea2-8cce-980edac28c23,mglanville3w@blog.com,12.0,329.27,326.19,1
2021-02-27,92d4fc55-4285-4f7d-86f2-3447b2b83c88,mgever5c@epa.gov,2.0,992.3,232.39,0
2021-02-27,515133a8-a7dd-4466-a2f5-c6951203c8b0,mbeasleighf3@patch.com,5.0,478.7,693.02,1
2021-02-27,ef53c5c5-a33b-4302-a094-561bb9df2e5d,lhitzkeog@squarespace.com,9.0,824.25,493.43,1
2021-02-28,a18d37b7-0c38-4cf6-867a-609116fbf29d,ajuanicobx@netvibes.com,7.0,944.18,645.97,0
2021-02-28,f3e8e984-2d9b-4653-9ca2-c8e56ca216fb,hmattheeuwld@alibaba.com,12.0,97.44,702.48,1
2021-02-28,cbd2eafe-ae97-46bf-8a66-a6049ea842a8,ibeezegx@apache.org,2.0,661.27,266.8,1
2021-02-28,0b587dbd-a646-444d-87df-19ae6063dd09,shabbonqo@phoca.cz,2.0,969.84,155.69,1
2021-02-28,a8f4692a-81c0-458d-970f-c12a35d0fa2b,jdenisovichjx@amazonaws.com,6.0,121.58,226.49,1
2021-02-28,38c24aed-2783-41a4-bc91-9c0f37ad7e73,bcowerdrr@usda.gov,2.0,456.0,207.13,1
2021-02-28,a2e5243a-437a-4692-ae55-52306fc0902a,mlappinek6@g.co,8.0,444.4,22.7,1
2021-02-28,d8da2634-5747-4a76-9d01-3bbdb7fd4199,iblecklymv@sun.com,8.0,596.12,31.45,1
2021-02-28,0f31c3b2-d456-4bd3-a87b-970572cdbd2c,falbrightongg@hhs.gov,12.0,681.12,452.63,1
2021-02-28,03035bc8-6be2-40fa-8ccc-9353955b1fcc,tvandenhofox@tinyurl.com,11.0,711.0,243.26,0
2021-02-28,e360b1a1-7948-4fab-8afc-e2c839b3575d,dcastric4@friendfeed.com,5.0,80.84,276.35,1
2021-02-28,73348e70-d427-4073-bb05-bc47ee92d51f,kskeats5u@discuz.net,7.0,178.99,480.86,0
2021-02-28,74489af7-0cf5-4d12-95eb-60a985586077,fgreenwellm@time.com,12.0,282.33,391.07,1
2021-02-28,f7ae7b7a-f499-4d3d-af77-7b63b6027a10,asydenhamt@dyndns.org,6.0,760.42,765.69,1
2021-02-28,16cf6dfc-f3e8-4f2b-8f40-fe9ee037b37b,lborlease8k@plala.or.jp,3.0,619.78,522.83,1
2021-02-28,1f17d0dc-deb7-4957-999f-01425ae1e146,carnsonqn@washingtonpost.com,11.0,762.39,241.17,1
2021-02-28,62626939-e0f9-4cc6-945b-d37a41428927,lwinningdw@businessweek.com,4.0,117.2,157.79,1
